1,2021-07-19,17:00:23,SGH,0.494,7500
2,2021-07-19,17:00:21,TBS,13.6,37
3,2021-07-19,17:00:21,TBS,13.6,500
4,2021-07-19,17:00:21,TBS,13.6,46
5,2021-07-19,17:00:21,TBS,13.6,65
6,2021-07-19,17:00:21,TBS,13.6,200
7,2021-07-19,17:00:12,DUH,7.4,300
557,2021-08-02,17:00:12,ATER,2.67,300
558,2021-08-02,17:00:10,CCB,1.05,410
8,2021-07-19,17:00:03,CCB,1,400
559,2021-08-02,16:52:53,T57,3.46,270
560,2021-08-02,16:49:39,SFT,5.2,270
9,2021-07-19,16:53:45,TBS,13.7,30
10,2021-07-19,16:53:02,DUH,7.46,186
11,2021-07-19,16:51:13,DUH,7.46,12
561,2021-08-02,16:43:59,BREF,2.3,300
562,2021-08-02,16:42:39,TBS,13.6,41
12,2021-07-19,16:50:16,ALB,33.8,20
13,2021-07-19,16:47:41,TBS,13.7,29
14,2021-07-19,16:47:41,TBS,13.7,21
15,2021-07-19,16:47:41,TBS,13.7,100
563,2021-08-02,16:40:07,HVAR,40.2,5
16,2021-07-19,16:42:04,T57,3.82,13
17,2021-07-19,16:42:04,T57,3.72,950
18,2021-07-19,16:41:46,SGH,0.49,5800
19,2021-07-19,16:41:46,SGH,0.492,2500
20,2021-07-19,16:41:46,SGH,0.494,200
21,2021-07-19,16:34:51,SFT,5.1,41
564,2021-08-02,16:40:07,HVAR,40,5
565,2021-08-02,16:38:57,BREF,2.3,1000
22,2021-07-19,16:14:42,CCB,1,350
23,2021-07-19,16:14:00,IHB,1.27,6300
24,2021-07-19,16:14:00,IHB,1.27,1700
25,2021-07-19,16:14:00,IHB,1.28,1000
566,2021-08-02,16:38:57,BREF,2.3,1000
567,2021-08-02,16:37:00,IHB,1.55,646
568,2021-08-02,16:35:41,IHB,1.55,971
26,2021-07-19,15:50:58,HVAR,40.2,11
569,2021-08-02,16:34:03,A4L,17.6,551
27,2021-07-19,15:37:47,IDH,2.24,50
28,2021-07-19,15:37:47,IDH,2.34,25
570,2021-08-02,16:34:03,A4L,17.6,49
571,2021-08-02,16:32:32,ALCM,9.25,60
29,2021-07-19,15:29:47,CCB,1,420
30,2021-07-19,15:28:34,SFA,3.48,1
572,2021-08-02,16:30:54,A4L,17.6,101
31,2021-07-19,15:21:01,DUH,7.4,500
32,2021-07-19,15:20:23,DUH,7.5,95
33,2021-07-19,15:19:39,DUH,7.5,95
34,2021-07-19,15:17:26,A4L,17.4,50
35,2021-07-19,15:17:06,DUH,7.48,1369
36,2021-07-19,15:17:06,DUH,7.48,700
37,2021-07-19,15:17:06,DUH,7.48,200
38,2021-07-19,15:17:06,DUH,7.48,30
39,2021-07-19,15:17:06,DUH,7.46,400
40,2021-07-19,15:17:06,DUH,7.46,50
41,2021-07-19,15:16:30,A4L,17.5,100
42,2021-07-19,15:16:30,A4L,17.5,200
43,2021-07-19,15:16:30,A4L,17.5,200
44,2021-07-19,15:09:42,CCB,1,400
45,2021-07-19,15:05:14,DUH,7.46,90
46,2021-07-19,15:03:37,CHIM,0.848,780
573,2021-08-02,16:30:54,A4L,17.6,5
574,2021-08-02,16:30:54,A4L,17.6,110
575,2021-08-02,16:30:54,A4L,17.6,67
576,2021-08-02,16:30:54,A4L,17.6,150
47,2021-07-19,15:00:30,DUH,7.46,110
48,2021-07-19,15:00:16,SPH,7.25,101
49,2021-07-19,14:59:47,DUH,7.44,191
50,2021-07-19,14:59:47,DUH,7.44,109
51,2021-07-19,14:58:02,ATER,2.48,500
52,2021-07-19,14:57:27,EUBG,2.5,1000
577,2021-08-02,16:30:54,A4L,17.6,200
53,2021-07-19,14:54:17,HVAR,40.2,10
578,2021-08-02,16:30:54,A4L,17.6,50
54,2021-07-19,14:53:24,DUH,7.4,500
55,2021-07-19,14:53:24,DUH,7.4,500
56,2021-07-19,14:45:51,TBS,13.8,150
57,2021-07-19,14:45:51,TBS,13.8,20
579,2021-08-02,16:30:54,A4L,17.6,4
58,2021-07-19,14:39:12,ATER,2.48,1000
59,2021-07-19,14:34:42,CCB,1,380
60,2021-07-19,14:31:47,ATER,2.49,200
61,2021-07-19,14:28:14,A4L,17.5,100
580,2021-08-02,16:30:54,A4L,17.6,66
62,2021-07-19,14:05:33,SFA,3.46,55
63,2021-07-19,14:05:33,SFA,3.48,45
64,2021-07-19,14:05:33,SFA,3.48,200
581,2021-08-02,16:30:54,A4L,17.7,70
582,2021-08-02,16:30:54,A4L,17.7,11
583,2021-08-02,16:28:21,NEOH,27.6,26
584,2021-08-02,16:23:00,BREF,2.3,100
585,2021-08-02,16:21:06,CCB,1.05,450
586,2021-08-02,15:59:17,ATER,2.68,278
65,2021-07-19,13:39:43,CHIM,0.846,5000
66,2021-07-19,13:37:48,CCB,1,400
587,2021-08-02,15:55:46,BREF,2.3,1880
67,2021-07-19,13:36:01,DUH,7.44,95
588,2021-08-02,15:55:46,BREF,2.3,820
68,2021-07-19,13:34:15,DUH,7.44,96
69,2021-07-19,13:33:08,DUH,7.44,100
70,2021-07-19,13:33:08,DUH,7.44,390
71,2021-07-19,13:31:40,CHIM,0.844,2135
72,2021-07-19,13:31:40,CHIM,0.844,3000
73,2021-07-19,13:31:40,CHIM,0.844,1187
74,2021-07-19,13:31:40,CHIM,0.844,742
75,2021-07-19,13:31:40,CHIM,0.844,742
76,2021-07-19,13:31:40,CHIM,0.846,845
77,2021-07-19,13:31:40,CHIM,0.85,1970
78,2021-07-19,13:31:40,CHIM,0.852,1175
79,2021-07-19,13:31:40,CHIM,0.852,350
80,2021-07-19,13:21:34,DUH,7.44,70
81,2021-07-19,13:20:41,CHIM,0.852,650
82,2021-07-19,13:05:49,ATER,2.49,98
83,2021-07-19,13:05:38,HVAR,40.2,12
84,2021-07-19,12:53:08,CCB,1,94
85,2021-07-19,12:53:08,CCB,0.995,606
589,2021-08-02,15:46:34,SFT,5.2,100
86,2021-07-19,12:29:41,BREF,2.15,450
87,2021-07-19,12:25:42,DUH,7.42,160
88,2021-07-19,12:22:47,CCB,0.995,360
89,2021-07-19,12:19:30,DUH,7.42,149
590,2021-08-02,15:46:09,DUH,6.9,150
591,2021-08-02,15:40:32,A4L,17.7,98
592,2021-08-02,15:40:32,A4L,17.7,2
90,2021-07-19,12:17:16,NEOH,24,30
91,2021-07-19,12:16:23,EUBG,2.58,10000
593,2021-08-02,15:27:42,CCB,1.05,390
92,2021-07-19,12:09:33,DUH,7.42,131
93,2021-07-19,12:08:03,DUH,7.42,469
94,2021-07-19,11:47:52,DUH,7.44,40
95,2021-07-19,11:47:52,DUH,7.4,300
96,2021-07-19,11:47:52,DUH,7.38,50
97,2021-07-19,11:43:35,MONB,6,35
98,2021-07-19,11:40:26,EMKA,3.26,600
99,2021-07-19,11:39:44,NEOH,23.6,2
100,2021-07-19,11:34:03,BREF,2.15,545
101,2021-07-19,11:34:03,BREF,2.15,355
102,2021-07-19,11:32:00,CCB,0.995,34
103,2021-07-19,11:32:00,CCB,0.995,346
104,2021-07-19,11:31:33,HVAR,40.2,10
105,2021-07-19,11:31:19,CCB,0.995,500
106,2021-07-19,11:14:17,EMKA,3.38,190
594,2021-08-02,15:20:20,DUH,6.9,150
107,2021-07-19,10:57:11,EMKA,3.38,300
108,2021-07-19,10:38:38,CCB,0.995,375
595,2021-08-02,15:07:31,ATER,2.68,154
596,2021-08-02,15:04:11,NEOH,27.4,14
597,2021-08-02,14:58:12,CHIM,0.85,250
598,2021-08-02,14:58:12,CHIM,0.85,2000
599,2021-08-02,14:58:12,CHIM,0.85,750
600,2021-08-02,14:51:38,CHIM,0.864,1000
601,2021-08-02,14:40:29,CCB,1.05,375
602,2021-08-02,14:35:58,ATER,2.68,40
109,2021-07-19,10:33:01,BREF,2.2,100
110,2021-07-19,10:30:25,A4L,17.7,73
603,2021-08-02,14:30:24,BREF,2.29,1600
604,2021-08-02,14:29:26,NEOH,27.4,21
605,2021-08-02,14:26:38,ATER,2.68,211
606,2021-08-02,14:25:42,KBG,8.3,70
111,2021-07-19,10:20:32,DUH,7.32,180
112,2021-07-19,10:17:07,GR6,1.48,50
113,2021-07-19,10:17:07,GR6,1.46,100
114,2021-07-19,10:16:24,EMKA,3.38,200
115,2021-07-19,10:14:06,HVAR,40.2,10
607,2021-08-02,14:17:39,SFT,5.2,200
608,2021-08-02,14:17:39,SFT,5.2,500
116,2021-07-19,10:12:54,SPH,7.3,5
117,2021-07-19,10:12:06,DUH,7.48,20
118,2021-07-19,10:12:06,DUH,7.4,200
609,2021-08-02,14:17:08,SFA,3.52,142
119,2021-07-19,10:10:40,DUH,7.44,250
120,2021-07-19,10:10:29,DUH,7.42,450
121,2021-07-19,10:10:26,DUH,7.4,80
122,2021-07-19,10:10:26,DUH,7.4,20
123,2021-07-19,10:10:26,DUH,7.4,65
124,2021-07-19,10:10:26,DUH,7.4,304
125,2021-07-19,10:10:26,DUH,7.4,500
126,2021-07-19,10:10:26,DUH,7.4,131
127,2021-07-19,10:10:26,DUH,7.4,667
128,2021-07-19,10:10:26,DUH,7.4,903
129,2021-07-19,10:10:26,DUH,7.4,930
130,2021-07-19,10:10:26,DUH,7.4,200
610,2021-08-02,14:14:04,ATER,2.68,213
131,2021-07-19,10:10:02,SFA,3.46,100
132,2021-07-19,10:10:00,CCB,1,400
611,2021-08-02,13:58:02,HES,5.8,35
133,2021-07-20,17:00:22,DUH,7.24,150
134,2021-07-20,17:00:04,MSH,7.6,500
612,2021-08-02,13:58:02,HES,5.85,5
613,2021-08-02,13:58:02,HES,5.85,60
135,2021-07-20,16:51:28,ALB,33,20
136,2021-07-20,16:49:10,HRZ,2.66,31000
137,2021-07-20,16:46:26,HCEN,33,640
138,2021-07-20,16:46:26,HCEN,33,60
139,2021-07-20,16:45:13,MSH,7.6,23
614,2021-08-02,13:58:02,ATER,2.64,146
615,2021-08-02,13:58:02,ATER,2.64,10
140,2021-07-20,16:43:47,FIB,1.72,200
141,2021-07-20,16:43:25,SFT,5.1,100
616,2021-08-02,13:51:15,CHIM,0.87,259
617,2021-08-02,13:51:15,CHIM,0.868,741
142,2021-07-20,16:41:38,TBS,13.5,795
143,2021-07-20,16:41:38,TBS,13.5,74
144,2021-07-20,16:41:38,TBS,13.5,50
145,2021-07-20,16:41:38,TBS,13.5,81
146,2021-07-20,16:39:35,DUH,7.24,318
618,2021-08-02,13:51:00,ATER,2.67,1250
147,2021-07-20,16:38:42,CCB,1,2000
619,2021-08-02,13:47:32,CCB,1.05,50
148,2021-07-20,16:37:32,CCB,1,500
149,2021-07-20,16:37:23,DUH,7.24,182
620,2021-08-02,13:47:32,CCB,1.05,350
150,2021-07-20,16:36:56,HRZ,2.66,8800
151,2021-07-20,16:36:56,HRZ,2.66,1200
621,2021-08-02,13:47:28,CCB,1.05,550
152,2021-07-20,16:31:23,CHIM,0.85,1888
153,2021-07-20,16:30:37,A4L,17.8,20
154,2021-07-20,16:29:53,ATER,2.48,1000
622,2021-08-02,13:45:35,MONB,6.2,100
623,2021-08-02,13:45:35,MONB,6.15,100
624,2021-08-02,13:39:07,TBS,13.5,37
625,2021-08-02,13:30:02,A4L,17.7,66
155,2021-07-20,16:25:34,HVAR,40.2,10
156,2021-07-20,16:25:20,TBS,13.7,25
626,2021-08-02,13:25:56,A4L,17.7,22
157,2021-07-20,16:21:32,HRZ,2.66,8400
158,2021-07-20,16:21:32,HRZ,2.66,600
159,2021-07-20,16:21:15,HCEN,33,465
160,2021-07-20,16:21:15,HCEN,33,75
161,2021-07-20,16:21:06,GR6,1.46,2000
162,2021-07-20,16:21:06,GR6,1.46,1000
163,2021-07-20,16:20:04,GR6,1.46,13000
164,2021-07-20,16:20:04,GR6,1.46,2000
165,2021-07-20,16:19:17,CCB,1,450
166,2021-07-20,16:19:08,GR6,1.46,2000
167,2021-07-20,16:19:08,GR6,1.46,200
627,2021-08-02,13:11:41,SPH,7.45,210
628,2021-08-02,13:11:41,SPH,7.45,96
629,2021-08-02,13:11:41,SPH,7.4,364
630,2021-08-02,13:11:41,SPH,7.3,300
631,2021-08-02,13:10:33,BREF,2.29,2000
168,2021-07-20,16:12:30,A4L,18.1,50
169,2021-07-20,16:12:30,A4L,18.1,50
170,2021-07-20,16:08:54,CHIM,0.85,4800
171,2021-07-20,16:04:07,TBS,13.5,419
172,2021-07-20,16:04:07,TBS,13.5,74
173,2021-07-20,16:04:07,TBS,13.5,1000
174,2021-07-20,16:04:07,TBS,13.5,74
175,2021-07-20,16:04:07,TBS,13.5,100
176,2021-07-20,16:04:07,TBS,13.5,300
177,2021-07-20,16:04:07,TBS,13.6,33
632,2021-08-02,13:03:04,CHIM,0.868,790
633,2021-08-02,13:01:59,BREF,2.3,180
178,2021-07-20,16:02:14,A4L,18,45
179,2021-07-20,16:02:14,A4L,18,100
180,2021-07-20,16:02:14,A4L,18,25
181,2021-07-20,16:02:14,A4L,18,72
182,2021-07-20,15:57:52,ATER,2.5,250
634,2021-08-02,13:01:59,BREF,2.3,620
635,2021-08-02,12:59:33,ATER,2.68,24
183,2021-07-20,15:51:18,HSI,2.6,9000
184,2021-07-20,15:51:18,HSI,2.6,1000
636,2021-08-02,12:59:01,CHIM,0.87,580
185,2021-07-20,15:48:18,NEOH,23.6,33
186,2021-07-20,15:48:17,HVAR,40.2,10
2262,2021-08-05,17:00:15,CHIM,0.958,600
2263,2021-08-05,17:00:03,EMKA,3.5,200
187,2021-07-20,15:43:39,CCB,1,420
188,2021-07-20,15:43:34,HRZ,2.66,3000
189,2021-07-20,15:43:34,HRZ,2.66,1100
2264,2021-08-05,17:00:03,EMKA,3.5,215
637,2021-08-02,12:55:49,T57,3.42,100
190,2021-07-20,15:39:05,SFT,5.1,459
191,2021-07-20,15:37:37,ALB,33.6,20
192,2021-07-20,15:36:21,SPH,7.25,145
193,2021-07-20,15:35:51,FIB,1.73,1500
194,2021-07-20,15:35:37,DUH,7.22,117
195,2021-07-20,15:35:07,DUH,7.22,183
196,2021-07-20,15:35:07,DUH,7.22,150
197,2021-07-20,15:34:12,FZLS,21.8,72
638,2021-08-02,12:55:15,BREF,2.27,400
639,2021-08-02,12:53:26,SGH,0.51,200
640,2021-08-02,12:52:56,EUBG,2.48,200
198,2021-07-20,15:29:09,FZLS,21.8,18
199,2021-07-20,15:28:38,HES,5.8,150
641,2021-08-02,12:49:30,CHIM,0.87,122
642,2021-08-02,12:44:52,CCB,1.05,70
643,2021-08-02,12:44:52,CCB,1.04,300
200,2021-07-20,15:22:17,CHIM,0.85,2000
644,2021-08-02,12:44:33,SFA,3.52,283
201,2021-07-20,15:18:01,HRZ,2.66,100
202,2021-07-20,15:17:19,ATER,2.48,1000
203,2021-07-20,15:17:18,CCB,1,400
204,2021-07-20,15:16:58,HRZ,2.66,6600
205,2021-07-20,15:16:58,HRZ,2.66,600
645,2021-08-02,12:44:11,BREF,2.29,700
2265,2021-08-05,16:51:56,DUH,7.02,500
2266,2021-08-05,16:51:14,HVAR,40.2,10
206,2021-07-20,15:08:23,HVAR,40.2,10
207,2021-07-20,15:08:14,ATER,2.5,5000
208,2021-07-20,15:08:14,ATER,2.5,15000
209,2021-07-20,15:08:14,ATER,2.5,2000
210,2021-07-20,15:08:14,ATER,2.5,500
211,2021-07-20,15:08:14,ATER,2.5,1000
212,2021-07-20,15:08:14,ATER,2.5,36
213,2021-07-20,15:08:13,HSI,2.6,9000
214,2021-07-20,15:08:13,HSI,2.6,1000
215,2021-07-20,15:07:49,A4L,18,128
216,2021-07-20,15:07:49,A4L,18,22
217,2021-07-20,15:07:07,DUH,7.26,200
218,2021-07-20,15:07:07,DUH,7.26,200
219,2021-07-20,15:01:00,HRZ,2.66,2700
220,2021-07-20,15:01:00,HRZ,2.66,1100
221,2021-07-20,14:56:42,CHIM,0.85,1312
222,2021-07-20,14:48:00,HSOF,3.6,25
646,2021-08-02,12:38:52,SFA,3.52,25
647,2021-08-02,12:38:26,ATER,2.68,976
648,2021-08-02,12:38:26,ATER,2.68,267
223,2021-07-20,14:39:16,HRZ,2.66,3300
224,2021-07-20,14:39:16,HRZ,2.66,150
649,2021-08-02,12:38:26,ATER,2.68,57
650,2021-08-02,12:38:01,CHIM,0.87,1500
651,2021-08-02,12:35:06,FZLS,19,2010
225,2021-07-20,14:37:31,CCB,1,360
226,2021-07-20,14:31:38,A4L,18,28
227,2021-07-20,14:30:16,CHIM,0.848,100
228,2021-07-20,14:22:53,HRZ,2.66,6450
229,2021-07-20,14:22:53,HRZ,2.66,1100
652,2021-08-02,12:34:27,FZLS,19,2100
653,2021-08-02,12:34:10,FZLS,19,10
230,2021-07-20,14:17:39,EAC,1.07,2490
231,2021-07-20,14:13:30,A4L,17.9,26
654,2021-08-02,12:28:44,SFT,5.15,150
232,2021-07-20,14:05:54,CHIM,0.85,400
233,2021-07-20,14:05:01,HIKA,2.76,200
234,2021-07-20,14:04:34,MONB,6,241
235,2021-07-20,14:04:34,MONB,6,500
236,2021-07-20,14:04:34,MONB,6,167
237,2021-07-20,14:04:34,MONB,6,1000
238,2021-07-20,14:04:34,MONB,6,1000
239,2021-07-20,14:04:34,MONB,6,92
655,2021-08-02,12:28:21,CHIM,0.868,900
656,2021-08-02,12:27:23,HVAR,39.6,10
657,2021-08-02,12:27:23,HVAR,39.8,15
240,2021-07-20,14:01:19,ATER,2.48,28500
241,2021-07-20,14:01:19,ATER,2.47,694
242,2021-07-20,14:01:19,ATER,2.47,294
2267,2021-08-05,16:49:58,ALB,34.2,20
658,2021-08-02,12:19:56,CCB,1.05,30
659,2021-08-02,12:19:56,CCB,1.05,570
243,2021-07-20,13:55:47,CHIM,0.85,600
660,2021-08-02,12:19:47,TBS,13.5,36
244,2021-07-20,13:52:59,DUH,7.3,200
245,2021-07-20,13:52:59,DUH,7.3,150
246,2021-07-20,13:47:10,DUH,7.3,2550
247,2021-07-20,13:46:20,CCB,0.99,400
661,2021-08-02,12:11:46,ATER,2.68,210
248,2021-07-20,13:36:07,DUH,7.3,480
249,2021-07-20,13:36:07,DUH,7.32,170
250,2021-07-20,13:36:07,DUH,7.34,50
251,2021-07-20,13:13:39,TBS,13.6,22
252,2021-07-20,13:13:39,TBS,13.6,130
253,2021-07-20,13:13:08,ATER,2.47,200
254,2021-07-20,13:13:08,ATER,2.47,200
662,2021-08-02,12:11:46,ATER,2.68,500
255,2021-07-20,13:09:54,CHIM,0.85,1899
256,2021-07-20,13:06:57,A4L,17.5,321
257,2021-07-20,13:06:04,CHIM,0.85,1400
258,2021-07-20,13:05:58,HVAR,40.2,5
259,2021-07-20,13:05:58,HVAR,40,5
260,2021-07-20,13:05:46,CHIM,0.85,800
261,2021-07-20,13:04:52,CHIM,0.85,676
663,2021-08-02,12:11:46,ATER,2.67,1000
664,2021-08-02,12:11:46,ATER,2.67,900
665,2021-08-02,12:11:46,ATER,2.67,90
262,2021-07-20,12:55:26,CHIM,0.85,2225
263,2021-07-20,12:54:48,A4L,17.5,125
264,2021-07-20,12:54:33,DUH,7.36,150
666,2021-08-02,12:05:27,CHIM,0.87,462
667,2021-08-02,12:05:27,CHIM,0.87,300
668,2021-08-02,12:05:27,CHIM,0.87,700
265,2021-07-20,12:52:00,A4L,17.4,17
266,2021-07-20,12:52:00,A4L,17.4,60
267,2021-07-20,12:52:00,A4L,17.4,65
268,2021-07-20,12:51:00,CCB,1,500
269,2021-07-20,12:47:57,ATER,2.46,300
669,2021-08-02,12:05:27,CHIM,0.868,1000
670,2021-08-02,12:05:27,CHIM,0.866,888
270,2021-07-20,12:41:15,A4L,17.4,20
271,2021-07-20,12:41:15,A4L,17.4,10
671,2021-08-02,12:05:27,CHIM,0.866,650
272,2021-07-20,12:40:13,ATER,2.48,40
273,2021-07-20,12:40:13,ATER,2.49,460
672,2021-08-02,11:58:14,EUBG,2.52,10000
274,2021-07-20,12:37:18,ATER,2.49,40
673,2021-08-02,11:54:39,CHIM,0.864,2146
275,2021-07-20,12:34:22,A4L,17.4,23
276,2021-07-20,12:34:22,A4L,17.4,55
277,2021-07-20,12:34:22,A4L,17.4,22
278,2021-07-20,12:32:07,CCB,1,380
2268,2021-08-05,16:49:58,ALB,34.2,13
674,2021-08-02,11:48:23,CHIM,0.864,1000
675,2021-08-02,11:38:56,HVAR,40,10
676,2021-08-02,11:37:48,CHIM,0.864,1000
677,2021-08-02,11:24:12,SFA,3.48,200
678,2021-08-02,11:20:49,CCB,1.05,500
279,2021-07-20,12:22:22,A4L,17.5,100
280,2021-07-20,12:22:22,A4L,17.5,150
281,2021-07-20,12:22:22,A4L,17.5,40
679,2021-08-02,11:09:48,CHIM,0.864,111
680,2021-08-02,11:05:41,ATER,2.67,110
681,2021-08-02,11:00:28,CCB,1.05,400
2269,2021-08-05,16:42:33,SFA,3.5,100
2270,2021-08-05,16:38:03,DUH,7,800
2271,2021-08-05,16:36:17,CCB,1.09,400
2272,2021-08-05,16:34:34,CHIM,0.96,362
2273,2021-08-05,16:33:47,CHIM,0.958,1000
682,2021-08-02,10:40:26,GR6,1.46,266
683,2021-08-02,10:40:26,GR6,1.46,41
684,2021-08-02,10:40:26,GR6,1.46,163
685,2021-08-02,10:39:30,HES,5.85,90
686,2021-08-02,10:38:05,YGAG,5.5,34
687,2021-08-02,10:36:34,ALCM,9.3,70
688,2021-08-02,10:34:13,FZLS,20,8
689,2021-08-02,10:33:08,CHIM,0.864,500
690,2021-08-02,10:32:46,SFA,3.52,50
691,2021-08-02,10:32:46,SFA,3.52,200
692,2021-08-02,10:32:21,ALB,36,30
693,2021-08-02,10:32:21,ALB,35.8,35
694,2021-08-02,10:32:21,ALB,35.8,35
695,2021-08-02,10:28:13,HVAR,40,10
2274,2021-08-05,16:33:22,CHIM,0.958,1000
696,2021-08-02,10:23:34,GR6,1.46,67
697,2021-08-02,10:15:48,CCB,1.05,380
2275,2021-08-05,16:33:22,CHIM,0.958,950
2276,2021-08-05,16:33:22,CHIM,0.958,1610
282,2021-07-20,11:58:49,CHIM,0.85,2905
283,2021-07-20,11:58:49,CHIM,0.85,8000
284,2021-07-20,11:58:33,EUBG,2.56,8828
285,2021-07-20,11:58:33,EUBG,2.56,1000
286,2021-07-20,11:58:33,EUBG,2.56,172
698,2021-08-02,10:13:15,ATER,2.66,78
287,2021-07-20,11:53:06,ATER,2.49,500
699,2021-08-02,10:11:56,GR6,1.47,44
288,2021-07-20,11:47:36,HVAR,40,10
289,2021-07-20,11:43:47,CCB,1,375
290,2021-07-20,11:39:26,ATER,2.49,200
291,2021-07-20,11:17:37,MONB,6.15,238
292,2021-07-20,11:17:37,MONB,6.15,262
700,2021-08-02,10:10:27,ATER,2.64,25
701,2021-08-02,10:10:26,ALCM,9.2,165
702,2021-08-02,10:10:22,CCB,1.05,955
703,2021-08-02,10:10:21,DUH,6.76,195
2277,2021-08-05,16:33:22,CHIM,0.956,311
704,2021-08-02,10:10:21,SFA,3.48,150
2278,2021-08-05,16:21:25,DUH,7,50
293,2021-07-20,11:01:18,CHIM,0.85,1000
294,2021-07-20,11:01:16,CCB,1,450
705,2021-08-02,10:10:10,NEOH,27,3
706,2021-08-02,10:10:10,NEOH,27,37
2279,2021-08-05,16:21:25,DUH,7,38
2280,2021-08-05,16:21:20,CHIM,0.956,689
2281,2021-08-05,16:21:20,CHIM,0.956,270
872,2021-08-04,17:00:07,ATER,2.7,105
873,2021-08-04,17:00:07,ATER,2.7,945
295,2021-07-20,10:50:23,CCB,1,400
2282,2021-08-05,16:21:07,SPH,7.05,300
874,2021-08-04,17:00:03,ELHM,0.79,500
875,2021-08-04,16:54:32,CCB,1.08,1000
876,2021-08-04,16:53:25,BREF,2.37,1000
877,2021-08-04,16:53:18,DUH,6.8,390
878,2021-08-04,16:53:18,DUH,6.8,110
879,2021-08-04,16:52:34,ATER,2.7,895
296,2021-07-20,10:32:26,DUH,7.32,100
297,2021-07-20,10:32:17,IHB,1.27,1000
880,2021-08-04,16:52:34,ATER,2.7,100
881,2021-08-04,16:52:34,ATER,2.71,5
2283,2021-08-05,16:14:11,ATER,2.67,300
882,2021-08-04,16:49:44,HVAR,40,10
883,2021-08-04,16:48:54,BREF,2.36,20
298,2021-07-20,10:19:05,DUH,7.4,45
884,2021-08-04,16:47:08,ALB,34.2,52
299,2021-07-20,10:16:48,HVAR,40,10
885,2021-08-04,16:47:08,ALB,34.4,20
300,2021-07-20,10:13:02,ATER,2.49,170
886,2021-08-04,16:45:35,BREF,2.36,27
887,2021-08-04,16:45:14,CHIM,0.896,500
888,2021-08-04,16:45:14,CHIM,0.89,1000
301,2021-07-20,10:10:01,CCB,1,410
889,2021-08-04,16:43:50,MONB,6,200
890,2021-08-04,16:43:41,HES,5.75,4
302,2021-07-21,16:45:51,DUH,7.24,187
303,2021-07-21,16:44:27,DUH,7.22,155
304,2021-07-21,16:44:04,DUH,7.22,145
305,2021-07-21,16:44:04,DUH,7.22,700
306,2021-07-21,16:44:04,DUH,7.22,200
707,2021-08-03,17:00:23,A4L,17.9,10
307,2021-07-21,16:40:31,EAC,1.07,70
308,2021-07-21,16:38:04,IDH,2.34,75
309,2021-07-21,16:36:36,FZLS,21,24
310,2021-07-21,16:30:44,DUH,7.24,980
708,2021-08-03,17:00:10,MSH,7.35,200
311,2021-07-21,16:26:26,CCB,0.995,375
312,2021-07-21,16:20:12,DUH,7.24,100
709,2021-08-03,17:00:06,CCB,1.05,390
710,2021-08-03,17:00:02,ATER,2.71,27
313,2021-07-21,16:12:06,HVAR,40.4,7
314,2021-07-21,16:12:06,HVAR,40.2,3
315,2021-07-21,16:08:51,CHIM,0.862,320
711,2021-08-03,17:00:02,ATER,2.71,139
316,2021-07-21,15:58:54,ZHBG,0.137,222
317,2021-07-21,15:58:00,FIB,1.73,200
318,2021-07-21,15:56:00,EUBG,2.5,75
712,2021-08-03,16:54:32,SFT,5.25,100
319,2021-07-21,15:55:10,CHIM,0.852,680
320,2021-07-21,15:54:21,EAC,1.07,2000
321,2021-07-21,15:53:46,CHIM,0.85,52
322,2021-07-21,15:53:27,CHIM,0.852,680
713,2021-08-03,16:53:19,ALB,35.8,20
323,2021-07-21,15:50:35,HVAR,39.4,12
324,2021-07-21,15:50:35,HVAR,39.6,11
325,2021-07-21,15:50:35,HVAR,39.8,12
326,2021-07-21,15:48:30,ATER,2.45,732
327,2021-07-21,15:48:30,ATER,2.45,1114
714,2021-08-03,16:47:33,ALB,34.2,4
328,2021-07-21,15:46:54,CCB,0.985,57
329,2021-07-21,15:45:31,DUH,7.26,33
715,2021-08-03,16:47:33,ALB,34.4,11
716,2021-08-03,16:47:33,ALB,34.4,15
330,2021-07-21,15:39:09,MSH,7.5,40
331,2021-07-21,15:37:59,CHIM,0.85,4640
332,2021-07-21,15:35:27,DUH,7.26,112
333,2021-07-21,15:34:25,IHB,1.27,1482
717,2021-08-03,16:47:03,BREF,2.33,116
718,2021-08-03,16:47:03,BREF,2.33,384
334,2021-07-21,15:24:14,IHB,1.27,10000
335,2021-07-21,15:24:14,IHB,1.27,3300
336,2021-07-21,15:24:14,IHB,1.27,218
719,2021-08-03,16:45:25,HVAR,40.2,10
337,2021-07-21,15:21:38,EUBG,2.5,100
720,2021-08-03,16:44:42,A4L,17.5,50
338,2021-07-21,15:19:15,HVAR,40.2,10
721,2021-08-03,16:44:42,A4L,17.5,100
339,2021-07-21,15:06:13,DUH,7.26,88
340,2021-07-21,15:06:04,ATER,2.47,154
341,2021-07-21,15:04:37,TBS,13.6,150
342,2021-07-21,14:59:58,ALB,32.4,20
343,2021-07-21,14:58:14,CCB,0.995,450
722,2021-08-03,16:44:42,A4L,17.5,25
723,2021-08-03,16:43:39,BREF,2.3,800
724,2021-08-03,16:43:19,A4L,17.5,26
344,2021-07-21,14:38:21,DUH,7.24,290
345,2021-07-21,14:38:21,DUH,7.24,510
725,2021-08-03,16:34:38,BREF,2.3,856
346,2021-07-21,14:17:32,NEOH,24.8,40
347,2021-07-21,14:17:29,ATER,2.45,86
726,2021-08-03,16:30:04,CHIM,0.856,5038
727,2021-08-03,16:29:35,ATER,2.7,73
728,2021-08-03,16:29:35,ATER,2.7,327
729,2021-08-03,16:29:06,CHIM,0.87,486
730,2021-08-03,16:28:55,ATER,2.7,560
348,2021-07-21,14:02:07,HVAR,40.2,10
731,2021-08-03,16:28:33,CHIM,0.87,3000
732,2021-08-03,16:28:10,ATER,2.7,113
733,2021-08-03,16:28:10,ATER,2.7,22
2284,2021-08-05,16:03:48,ELHM,0.825,485
2285,2021-08-05,15:59:33,CHIM,0.956,230
349,2021-07-21,13:48:03,SFA,3.48,100
350,2021-07-21,13:45:27,EUBG,2.5,200
351,2021-07-21,13:33:43,CHIM,0.856,300
352,2021-07-21,13:27:11,CCB,0.995,380
353,2021-07-21,13:26:01,HRZ,2.66,224000
354,2021-07-21,13:26:01,HRZ,2.66,26000
734,2021-08-03,16:25:53,CHIM,0.87,1000
735,2021-08-03,16:25:53,CHIM,0.87,2077
355,2021-07-21,13:16:40,SGH,0.498,2650
356,2021-07-21,13:13:52,SGH,0.498,3000
357,2021-07-21,13:04:24,SGH,0.498,150
736,2021-08-03,16:25:53,CHIM,0.868,1000
358,2021-07-21,13:02:39,DUH,7.32,59
737,2021-08-03,16:25:53,CHIM,0.868,611
738,2021-08-03,16:25:53,CHIM,0.866,1000
359,2021-07-21,12:45:50,HVAR,40.2,10
360,2021-07-21,12:45:29,EUBG,2.58,100
739,2021-08-03,16:25:53,CHIM,0.866,826
740,2021-08-03,16:23:54,EUBG,2.52,49000
741,2021-08-03,16:19:38,CCB,1.05,615
361,2021-07-21,12:39:45,FIB,1.75,134
362,2021-07-21,12:39:45,FIB,1.75,210
363,2021-07-21,12:39:45,FIB,1.75,321
364,2021-07-21,12:37:25,FIB,1.75,2315
365,2021-07-21,12:37:25,FIB,1.745,685
366,2021-07-21,12:36:03,DUH,7.3,50
367,2021-07-21,12:36:03,DUH,7.3,200
368,2021-07-21,12:36:03,DUH,7.3,1
369,2021-07-21,12:33:43,EAC,1.07,250
370,2021-07-21,12:33:35,CCB,0.995,400
371,2021-07-21,12:23:58,HRZ,2.66,234000
372,2021-07-21,12:23:58,HRZ,2.66,16000
373,2021-07-21,12:21:36,FIB,1.725,200
374,2021-07-21,12:09:00,HES,5.8,90
375,2021-07-21,12:07:19,HES,5.8,30
376,2021-07-21,12:06:05,EAC,1.07,500
377,2021-07-21,12:06:05,EAC,1.07,500
742,2021-08-03,16:18:30,CCB,1.05,5000
743,2021-08-03,16:17:55,CCB,1.05,4385
744,2021-08-03,16:17:54,ATER,2.7,478
745,2021-08-03,16:17:54,ATER,2.7,500
378,2021-07-21,11:45:56,KBG,8.25,20
379,2021-07-21,11:44:52,A4L,18,10
746,2021-08-03,16:17:54,ATER,2.7,265
380,2021-07-21,11:43:28,HES,5.8,50
381,2021-07-21,11:42:34,GR6,1.48,200
747,2021-08-03,16:17:54,ATER,2.69,977
748,2021-08-03,16:16:48,TBS,13.4,174
749,2021-08-03,16:16:48,TBS,13.4,74
750,2021-08-03,16:16:48,TBS,13.4,37
382,2021-07-21,11:41:55,ATER,2.49,100
751,2021-08-03,16:16:48,TBS,13.4,100
752,2021-08-03,16:16:48,TBS,13.5,15
753,2021-08-03,16:13:38,SFA,3.5,73
383,2021-07-21,11:31:01,HRZ,2.66,10000
384,2021-07-21,11:30:04,HVAR,40.2,10
385,2021-07-21,11:29:55,HRZ,2.66,188000
386,2021-07-21,11:29:55,HRZ,2.66,2000
387,2021-07-21,11:26:33,BREF,2.18,50
754,2021-08-03,16:07:55,ATER,2.69,23
755,2021-08-03,16:07:55,ATER,2.69,177
756,2021-08-03,16:07:55,ATER,2.68,200
757,2021-08-03,16:06:51,CCB,1.05,600
388,2021-07-21,11:23:35,ATER,2.44,2000
389,2021-07-21,11:23:35,ATER,2.44,1000
390,2021-07-21,11:15:16,CCB,0.955,720
391,2021-07-21,11:15:16,CCB,0.955,1040
392,2021-07-21,11:15:16,CCB,0.955,1040
393,2021-07-21,11:15:16,CCB,0.955,2110
394,2021-07-21,11:15:16,CCB,0.97,500
395,2021-07-21,11:15:16,CCB,0.975,510
396,2021-07-21,11:15:16,CCB,0.975,400
397,2021-07-21,11:15:16,CCB,0.98,450
398,2021-07-21,11:15:16,CCB,0.98,350
399,2021-07-21,11:15:16,CCB,0.985,500
400,2021-07-21,11:15:16,CCB,0.99,380
2286,2021-08-05,15:51:28,MONB,6.1,140
2287,2021-08-05,15:43:16,BREF,2.37,420
758,2021-08-03,16:00:14,ALCM,9,80
401,2021-07-21,11:09:54,SGH,0.48,1075
402,2021-07-21,11:09:54,SGH,0.484,925
403,2021-07-21,11:09:20,CCB,0.995,360
759,2021-08-03,16:00:14,ALCM,9,32
404,2021-07-21,11:04:02,DUH,7.3,154
405,2021-07-21,11:03:48,CHIM,0.86,2500
406,2021-07-21,11:02:49,HRZ,2.66,142000
407,2021-07-21,11:02:49,HRZ,2.66,8000
2288,2021-08-05,15:33:28,HVAR,40.2,10
2289,2021-08-05,15:25:39,SFA,3.5,100
408,2021-07-21,10:57:38,DUH,7.26,270
760,2021-08-03,15:38:38,BREF,2.28,40
761,2021-08-03,15:31:16,HVAR,40.2,10
409,2021-07-21,10:53:00,EUBG,2.58,9000
410,2021-07-21,10:53:00,EUBG,2.58,900
762,2021-08-03,15:19:15,CCB,1.06,600
763,2021-08-03,15:16:02,CCB,1.05,1000
764,2021-08-03,15:15:49,SFT,5.25,130
411,2021-07-21,10:47:33,NEOH,24.8,4
412,2021-07-21,10:47:33,NEOH,24.6,50
413,2021-07-21,10:47:33,NEOH,24.4,41
414,2021-07-21,10:47:33,NEOH,24.2,30
415,2021-07-21,10:46:10,SFA,3.46,764
416,2021-07-21,10:46:10,SFA,3.48,236
417,2021-07-21,10:43:54,HRZ,2.66,10000
418,2021-07-21,10:43:45,CCB,1,400
419,2021-07-21,10:43:39,SFT,5.05,86
420,2021-07-21,10:43:39,SFT,5.05,14
421,2021-07-21,10:43:37,HRZ,2.66,84000
422,2021-07-21,10:43:37,HRZ,2.66,6000
423,2021-07-21,10:43:04,A4L,18,50
765,2021-08-03,15:14:04,A4L,17.5,74
766,2021-08-03,15:14:04,A4L,17.5,148
767,2021-08-03,15:14:04,A4L,17.5,200
768,2021-08-03,15:14:04,A4L,17.5,200
424,2021-07-21,10:40:08,MONB,6,217
425,2021-07-21,10:40:08,MONB,6.05,283
769,2021-08-03,15:14:04,A4L,17.5,3
770,2021-08-03,15:14:04,A4L,17.5,100
771,2021-08-03,15:14:04,A4L,17.6,41
426,2021-07-21,10:31:33,CHIM,0.854,1970
772,2021-08-03,15:14:04,A4L,17.6,34
2290,2021-08-05,15:12:38,YGAG,6.05,13
2291,2021-08-05,15:10:55,FIB,1.79,300
2292,2021-08-05,15:10:16,ALB,34.2,7
773,2021-08-03,14:55:50,ALCM,9,500
774,2021-08-03,14:55:50,ALCM,9.05,100
427,2021-07-21,10:24:10,DUH,7.3,80
428,2021-07-21,10:23:17,HRZ,2.66,42000
429,2021-07-21,10:23:17,HRZ,2.66,8000
775,2021-08-03,14:55:50,ALCM,9.1,100
776,2021-08-03,14:55:50,ALCM,9.15,100
777,2021-08-03,14:54:35,IHB,1.56,208
778,2021-08-03,14:54:31,CCB,1.06,400
2293,2021-08-05,14:58:10,SFT,5.2,200
430,2021-07-21,10:20:20,ATER,2.44,1000
431,2021-07-21,10:20:20,ATER,2.47,1000
432,2021-07-21,10:19:53,IHB,1.27,482
779,2021-08-03,14:53:21,IHB,1.56,208
2294,2021-08-05,14:58:10,SFT,5.2,400
433,2021-07-21,10:14:12,BREF,2.15,980
434,2021-07-21,10:13:11,TBS,13.5,1367
435,2021-07-21,10:13:11,TBS,13.5,1076
436,2021-07-21,10:13:11,TBS,13.5,200
2295,2021-08-05,14:58:10,SFT,5.2,200
2296,2021-08-05,14:52:41,HVAR,40.2,10
437,2021-07-22,17:00:21,CCB,0.995,5
438,2021-07-22,17:00:21,CCB,0.995,415
439,2021-07-22,17:00:11,SFT,5.1,300
440,2021-07-22,16:54:54,A4L,17.5,5
441,2021-07-22,16:54:00,HVAR,40.2,10
442,2021-07-22,16:52:10,BREF,2.14,280
780,2021-08-03,14:40:36,DUH,6.8,507
443,2021-07-22,16:46:00,T57,3.74,21
781,2021-08-03,14:40:36,DUH,6.8,350
782,2021-08-03,14:37:50,ATER,2.68,500
444,2021-07-22,16:43:40,EAC,1.06,900
783,2021-08-03,14:37:32,HVAR,40.2,10
445,2021-07-22,16:25:36,BREF,2.16,100
446,2021-07-22,16:25:26,BREF,2.14,230
447,2021-07-22,16:25:26,BREF,2.14,320
448,2021-07-22,16:17:15,NEOH,24.2,20
449,2021-07-22,16:17:15,NEOH,24.2,40
784,2021-08-03,14:36:54,FIB,1.73,286
785,2021-08-03,14:34:32,BREF,2.33,386
786,2021-08-03,14:34:32,BREF,2.3,1100
787,2021-08-03,14:34:32,BREF,2.3,100
788,2021-08-03,14:34:32,BREF,2.28,414
450,2021-07-22,16:08:02,T57,3.58,850
451,2021-07-22,16:08:02,T57,3.58,800
452,2021-07-22,16:08:02,T57,3.58,50
453,2021-07-22,16:05:40,T57,3.58,350
454,2021-07-22,16:05:40,T57,3.58,530
455,2021-07-22,16:05:40,T57,3.6,270
456,2021-07-22,16:05:40,T57,3.6,200
2297,2021-08-05,14:52:23,DUH,6.94,500
2298,2021-08-05,14:51:49,A4L,17.2,100
789,2021-08-03,14:27:35,CCB,1.06,420
790,2021-08-03,14:19:30,SFA,3.48,100
457,2021-07-22,15:51:07,BREF,2.15,450
458,2021-07-22,15:48:54,NEOH,24.4,29
459,2021-07-22,15:48:54,NEOH,24.4,21
460,2021-07-22,15:41:12,MONB,5.7,397
461,2021-07-22,15:41:12,MONB,5.7,330
462,2021-07-22,15:41:12,MONB,5.75,300
463,2021-07-22,15:41:12,MONB,5.75,505
464,2021-07-22,15:41:12,MONB,5.75,420
465,2021-07-22,15:41:12,MONB,5.75,48
466,2021-07-22,15:39:00,CCB,0.995,400
2299,2021-08-05,14:51:32,DUH,6.94,200
791,2021-08-03,14:00:54,BREF,2.28,86
792,2021-08-03,14:00:26,SFA,3.5,200
2300,2021-08-05,14:50:41,CCB,1.09,350
793,2021-08-03,13:52:46,IHB,1.56,500
467,2021-07-22,15:15:50,SGH,0.496,5800
794,2021-08-03,13:49:14,IHB,1.56,150
795,2021-08-03,13:49:14,IHB,1.56,350
468,2021-07-22,14:50:45,CHIM,0.85,4000
796,2021-08-03,13:41:54,CCB,1.05,400
797,2021-08-03,13:34:32,HVAR,40.2,10
469,2021-07-22,14:38:54,CHIM,0.848,250
798,2021-08-03,13:32:52,CCB,1.06,450
2301,2021-08-05,14:49:14,DUH,7,12
2302,2021-08-05,14:49:14,DUH,6.98,18
2303,2021-08-05,14:44:18,GR6,1.47,266
799,2021-08-03,12:56:49,GR6,1.47,240
470,2021-07-22,14:26:48,FIB,1.7,1065
471,2021-07-22,14:26:48,FIB,1.71,560
472,2021-07-22,14:26:48,FIB,1.715,575
473,2021-07-22,14:26:48,FIB,1.725,800
474,2021-07-22,14:20:16,SGH,0.5,1000
800,2021-08-03,12:54:44,HVAR,40.2,10
2304,2021-08-05,14:34:07,BREF,2.38,351
2305,2021-08-05,14:22:05,TBS,13.5,500
475,2021-07-22,14:11:17,MONB,5.7,170
476,2021-07-22,14:11:17,MONB,5.7,175
477,2021-07-22,14:11:17,MONB,5.75,500
478,2021-07-22,14:11:17,MONB,5.8,800
479,2021-07-22,14:11:17,MONB,5.8,172
480,2021-07-22,14:11:17,MONB,5.85,50
481,2021-07-22,14:11:17,MONB,5.85,500
482,2021-07-22,14:11:17,MONB,5.9,169
483,2021-07-22,14:11:17,MONB,5.9,500
484,2021-07-22,14:11:17,MONB,5.95,67
485,2021-07-22,14:11:17,MONB,5.95,200
486,2021-07-22,14:11:17,MONB,5.95,100
487,2021-07-22,14:11:17,MONB,5.95,505
488,2021-07-22,14:11:17,MONB,6,50
489,2021-07-22,14:11:17,MONB,6,42
2306,2021-08-05,14:17:19,CHIM,0.958,390
801,2021-08-03,12:44:08,CCB,1.06,300
490,2021-07-22,14:10:13,CHIM,0.85,1000
2307,2021-08-05,14:17:19,CHIM,0.958,900
2308,2021-08-05,14:10:16,KBG,8.4,70
491,2021-07-22,14:03:15,T57,3.6,100
492,2021-07-22,14:03:15,T57,3.6,200
493,2021-07-22,14:02:48,A4L,18,10
494,2021-07-22,14:02:03,CHIM,0.848,1500
495,2021-07-22,14:01:09,GR6,1.43,1000
2309,2021-08-05,14:09:38,DUH,6.98,40
496,2021-07-22,13:57:28,HVAR,39.4,1
497,2021-07-22,13:57:28,HVAR,39.6,19
498,2021-07-22,13:57:28,HVAR,39.6,5
2310,2021-08-05,14:08:34,CHIM,0.948,600
2311,2021-08-05,14:08:31,BREF,2.39,600
802,2021-08-03,12:14:41,CCB,1.06,440
499,2021-07-22,13:49:16,HVAR,39.6,11
500,2021-07-22,13:49:16,HVAR,39.8,14
803,2021-08-03,12:13:38,DUH,6.8,50
501,2021-07-22,13:26:11,HVAR,40.2,5
502,2021-07-22,13:26:11,HVAR,40,5
804,2021-08-03,12:05:50,ATER,2.67,200
2312,2021-08-05,14:06:56,DUH,6.92,40
503,2021-07-22,13:18:18,DUH,7.24,3562
504,2021-07-22,13:18:18,DUH,7.24,900
505,2021-07-22,13:18:18,DUH,7.2,100
805,2021-08-03,12:01:26,ATER,2.69,23
806,2021-08-03,12:01:26,ATER,2.69,275
2313,2021-08-05,14:02:20,SPH,7,139
506,2021-07-22,13:11:08,CCB,0.965,3837
507,2021-07-22,13:11:08,CCB,0.965,1030
508,2021-07-22,13:11:08,CCB,0.965,1030
509,2021-07-22,13:11:08,CCB,0.965,1000
510,2021-07-22,13:11:08,CCB,0.97,500
511,2021-07-22,13:11:08,CCB,0.97,380
512,2021-07-22,13:11:08,CCB,0.975,400
513,2021-07-22,13:11:08,CCB,0.98,980
514,2021-07-22,13:11:08,CCB,0.98,390
515,2021-07-22,13:11:08,CCB,0.98,450
516,2021-07-22,13:11:08,CCB,0.985,343
517,2021-07-22,13:11:03,CHIM,0.848,6231
518,2021-07-22,13:11:03,CHIM,0.848,1089
519,2021-07-22,13:11:03,CHIM,0.848,3500
520,2021-07-22,13:11:03,CHIM,0.848,1180
2314,2021-08-05,14:02:20,SPH,7.05,101
2315,2021-08-05,14:00:47,FIB,1.8,294
807,2021-08-03,11:56:07,EUBG,2.5,50
521,2021-07-22,12:53:02,CCB,0.995,500
808,2021-08-03,11:56:07,EUBG,2.5,3000
2316,2021-08-05,14:00:15,FIB,1.795,206
809,2021-08-03,11:54:35,DUH,6.8,100
522,2021-07-22,12:50:16,HIKA,2.96,150
523,2021-07-22,12:50:16,HIKA,2.96,350
810,2021-08-03,11:54:35,DUH,6.82,300
524,2021-07-22,12:47:51,A4L,17.6,139
525,2021-07-22,12:47:51,A4L,17.6,57
811,2021-08-03,11:52:54,ATER,2.67,473
812,2021-08-03,11:52:54,ATER,2.67,5
813,2021-08-03,11:52:54,ATER,2.67,180
2317,2021-08-05,13:58:15,NEOH,28,26
526,2021-07-22,12:36:29,HVAR,40,10
814,2021-08-03,11:52:12,ATER,2.69,425
815,2021-08-03,11:47:53,DUH,6.78,35
816,2021-08-03,11:47:53,DUH,6.78,92
817,2021-08-03,11:47:53,DUH,6.8,373
527,2021-07-22,12:26:05,EUBG,2.54,6000
528,2021-07-22,12:25:37,EUBG,2.54,5000
2318,2021-08-05,13:58:15,NEOH,28,69
818,2021-08-03,11:45:12,CCB,1.06,1335
529,2021-07-22,12:16:22,CCB,0.995,360
819,2021-08-03,11:45:12,CCB,1.06,765
820,2021-08-03,11:44:49,CCB,1.06,135
821,2021-08-03,11:44:49,CCB,1.06,4865
530,2021-07-22,12:09:20,SGH,0.51,1960
531,2021-07-22,12:09:20,SGH,0.51,1225
532,2021-07-22,12:09:20,SGH,0.505,5800
533,2021-07-22,12:09:20,SGH,0.505,10000
534,2021-07-22,12:09:20,SGH,0.5,2000
535,2021-07-22,12:09:20,SGH,0.5,1252
536,2021-07-22,12:09:20,SGH,0.5,2000
537,2021-07-22,12:04:55,DUH,7.14,238
538,2021-07-22,12:04:55,DUH,7.14,82
2319,2021-08-05,13:57:16,BREF,2.39,449
822,2021-08-03,11:36:08,SFA,3.48,212
823,2021-08-03,11:36:08,SFA,3.48,788
2320,2021-08-05,13:56:14,BREF,2.39,4951
2321,2021-08-05,13:56:14,BREF,2.39,600
539,2021-07-22,11:53:33,DUH,7.16,280
2322,2021-08-05,13:56:14,BREF,2.39,300
540,2021-07-22,11:47:32,DUH,7.2,10
541,2021-07-22,11:44:18,HVAR,40,10
2323,2021-08-05,13:56:14,BREF,2.39,419
824,2021-08-03,11:24:24,DUH,6.84,195
542,2021-07-22,11:40:19,CCB,0.995,380
543,2021-07-22,11:39:11,TBS,13.7,100
2324,2021-08-05,13:55:49,CHIM,0.96,2157
2325,2021-08-05,13:55:49,CHIM,0.958,1000
2326,2021-08-05,13:55:49,CHIM,0.958,1000
825,2021-08-03,11:18:47,CCB,1.06,135
544,2021-07-22,11:19:25,DUH,7.2,300
545,2021-07-22,11:19:25,DUH,7.2,68
546,2021-07-22,11:19:25,DUH,7.2,90
826,2021-08-03,11:18:47,CCB,1.06,265
2327,2021-08-05,13:55:49,CHIM,0.958,1000
2328,2021-08-05,13:55:49,CHIM,0.956,1000
2329,2021-08-05,13:55:49,CHIM,0.954,750
827,2021-08-03,10:49:56,TBS,13.5,56
828,2021-08-03,10:44:48,A4L,17.6,41
829,2021-08-03,10:44:48,A4L,17.6,99
547,2021-07-22,10:46:23,CCB,0.995,50
548,2021-07-22,10:46:23,CCB,0.99,400
549,2021-07-22,10:46:16,CCB,0.99,500
830,2021-08-03,10:42:04,ATER,2.67,200
831,2021-08-03,10:41:12,ATER,2.69,282
832,2021-08-03,10:39:09,CCB,1.06,55
833,2021-08-03,10:39:09,CCB,1.05,445
834,2021-08-03,10:38:58,CCB,1.05,600
835,2021-08-03,10:36:40,SFT,5.25,50
550,2021-07-22,10:36:59,EUBG,2.6,500
836,2021-08-03,10:33:14,DUH,6.76,405
551,2021-07-22,10:35:23,GR6,1.48,14
2330,2021-08-05,13:55:49,CHIM,0.95,1250
552,2021-07-22,10:22:02,IHB,1.28,1250
837,2021-08-03,10:31:33,SFT,5.25,343
838,2021-08-03,10:31:33,SFT,5.2,657
839,2021-08-03,10:30:37,ALCM,9.15,40
553,2021-07-22,10:13:54,DUH,7.3,300
554,2021-07-22,10:11:24,BREF,2.18,100
840,2021-08-03,10:29:27,ZLP,1.43,102
555,2021-07-22,10:10:22,CCB,0.995,400
841,2021-08-03,10:29:27,ZLP,1.58,28
556,2021-07-22,10:10:05,EAC,1.07,160
842,2021-08-03,10:28:27,SFA,3.48,700
2331,2021-08-05,13:55:49,CHIM,0.95,430
2332,2021-08-05,13:55:49,CHIM,0.95,813
2333,2021-08-05,13:55:49,CHIM,0.948,600
843,2021-08-03,10:24:23,ZLP,1.58,80
844,2021-08-03,10:24:22,BREF,2.26,310
845,2021-08-03,10:23:47,TBS,13.5,55
846,2021-08-03,10:22:18,TBS,13.5,74
2334,2021-08-05,13:52:12,BREF,2.38,4150
2335,2021-08-05,13:51:29,A4L,16.9,557
2336,2021-08-05,13:51:29,A4L,16.9,200
2337,2021-08-05,13:51:29,A4L,16.9,43
847,2021-08-03,10:21:49,TBS,13.5,65
2338,2021-08-05,13:51:29,A4L,16.9,100
2339,2021-08-05,13:50:32,BREF,2.37,600
848,2021-08-03,10:20:30,MSH,7.15,810
849,2021-08-03,10:20:24,CHIM,0.85,367
850,2021-08-03,10:20:24,CHIM,0.852,2402
851,2021-08-03,10:20:13,ZLP,1.8,50
852,2021-08-03,10:20:10,HVAR,40.2,10
853,2021-08-03,10:20:01,MSH,7.15,100
854,2021-08-03,10:19:32,MSH,7.15,200
855,2021-08-03,10:19:17,MSH,7.15,100
856,2021-08-03,10:19:17,MSH,7.15,140
857,2021-08-03,10:19:17,MSH,7.15,100
858,2021-08-03,10:19:17,MSH,7.2,50
859,2021-08-03,10:18:22,CCB,1.05,955
860,2021-08-03,10:16:46,NEOH,27.4,40
2340,2021-08-05,13:50:32,BREF,2.37,100
861,2021-08-03,10:14:31,MSH,7.3,200
862,2021-08-03,10:14:31,MSH,7.35,100
863,2021-08-03,10:11:55,SFA,3.48,12
864,2021-08-03,10:11:55,SFA,3.48,600
865,2021-08-03,10:11:55,SFA,3.48,88
866,2021-08-03,10:11:04,CHIM,0.852,98
867,2021-08-03,10:11:04,CHIM,0.854,940
868,2021-08-03,10:10:56,CCB,1.06,380
2341,2021-08-05,13:50:32,BREF,2.37,1340
2342,2021-08-05,13:50:32,BREF,2.36,500
869,2021-08-03,10:10:14,A4L,17.6,50
870,2021-08-03,10:10:01,ATER,2.69,18
871,2021-08-03,10:10:01,ATER,2.69,402
891,2021-08-04,16:43:41,HES,5.8,31
892,2021-08-04,16:43:32,IHB,1.56,5116
893,2021-08-04,16:43:32,IHB,1.56,900
894,2021-08-04,16:43:32,IHB,1.56,1334
895,2021-08-04,16:43:32,IHB,1.57,500
2343,2021-08-05,13:49:18,IHB,1.56,653
2344,2021-08-05,13:49:04,FIB,1.795,191
2345,2021-08-05,13:49:04,FIB,1.79,74
896,2021-08-04,16:38:40,TBS,13.5,1530
2346,2021-08-05,13:48:10,IHB,1.56,900
897,2021-08-04,16:32:48,BREF,2.36,124
898,2021-08-04,16:32:48,BREF,2.36,576
2347,2021-08-05,13:46:42,IHB,1.56,4383
2348,2021-08-05,13:46:42,IHB,1.56,284
2349,2021-08-05,13:41:43,FIB,1.79,750
899,2021-08-04,16:18:31,CCB,1.07,350
900,2021-08-04,16:15:01,SFT,5.15,15
901,2021-08-04,16:15:01,SFT,5.15,220
2350,2021-08-05,13:38:58,BREF,2.35,500
902,2021-08-04,16:13:39,CHIM,0.896,700
903,2021-08-04,16:13:19,ATER,2.72,244
2351,2021-08-05,13:38:36,FIB,1.79,575
2352,2021-08-05,13:36:03,FIB,1.79,601
904,2021-08-04,16:00:09,NEOH,27.8,50
905,2021-08-04,16:00:04,ZHBG,0.144,450
2353,2021-08-05,13:36:03,FIB,1.79,399
906,2021-08-04,15:53:50,HES,5.8,139
907,2021-08-04,15:53:50,HES,5.8,100
908,2021-08-04,15:53:50,HES,5.8,61
909,2021-08-04,15:52:59,SFA,3.48,726
910,2021-08-04,15:52:59,SFA,3.48,108
2354,2021-08-05,13:36:03,FIB,1.79,2000
911,2021-08-04,15:47:23,ALB,34.2,8
912,2021-08-04,15:30:20,ATER,2.72,300
913,2021-08-04,15:25:12,CHIM,0.88,1000
914,2021-08-04,15:22:15,EAC,1.08,1000
915,2021-08-04,15:20:12,CHIM,0.898,900
2355,2021-08-05,13:36:00,CCB,1.09,380
916,2021-08-04,15:19:32,ATER,2.72,500
917,2021-08-04,15:19:32,ATER,2.72,400
918,2021-08-04,15:19:32,ATER,2.72,112
919,2021-08-04,15:19:32,ATER,2.73,300
2356,2021-08-05,13:35:17,ODES,106,10
2357,2021-08-05,13:34:34,CHIM,0.948,300
2358,2021-08-05,13:32:40,SFA,3.5,100
2359,2021-08-05,13:32:27,HVAR,40.2,10
2360,2021-08-05,13:29:50,ZHBG,0.155,3841
2361,2021-08-05,13:28:27,ZHBG,0.155,2659
2362,2021-08-05,13:28:27,ZHBG,0.155,3741
2363,2021-08-05,13:26:57,ZHBG,0.153,11000
920,2021-08-04,15:13:31,TBS,13.6,100
921,2021-08-04,15:12:21,TBS,13.6,200
2364,2021-08-05,13:26:20,FIB,1.785,400
922,2021-08-04,15:11:38,FIB,1.765,200
923,2021-08-04,15:11:25,CHIM,0.9,2000
924,2021-08-04,15:10:29,TBS,13.6,300
925,2021-08-04,15:07:31,NEOH,27.8,26
926,2021-08-04,15:07:31,NEOH,27.8,30
927,2021-08-04,15:07:01,CHIM,0.904,1000
928,2021-08-04,15:06:53,TBS,13.5,3300
2365,2021-08-05,13:25:58,ZHBG,0.152,3000
929,2021-08-04,15:06:22,DUH,6.8,140
930,2021-08-04,15:05:53,TBS,13.5,2316
931,2021-08-04,15:05:24,SGH,0.51,3500
932,2021-08-04,15:05:24,SGH,0.51,2500
2366,2021-08-05,13:25:26,ZHBG,0.15,1660
2367,2021-08-05,13:24:43,EAC,1.08,785
933,2021-08-04,15:04:41,FIB,1.765,398
934,2021-08-04,15:04:41,FIB,1.765,402
935,2021-08-04,15:04:08,CCB,1.07,400
936,2021-08-04,15:04:08,CCB,1.07,450
2368,2021-08-05,13:22:40,CHIM,0.948,1000
937,2021-08-04,15:01:53,TBS,13.5,450
938,2021-08-04,15:01:53,TBS,13.5,85
939,2021-08-04,15:01:37,FIB,1.76,550
2369,2021-08-05,13:20:59,FIB,1.78,500
2370,2021-08-05,13:20:59,FIB,1.78,100
2371,2021-08-05,13:20:59,FIB,1.78,401
2372,2021-08-05,13:20:51,CHIM,0.942,3770
2373,2021-08-05,13:20:51,CHIM,0.942,600
940,2021-08-04,14:56:23,CHIM,0.9,300
2374,2021-08-05,13:20:51,CHIM,0.94,3000
941,2021-08-04,14:53:25,BREF,2.35,300
942,2021-08-04,14:50:10,CHIM,0.9,200
943,2021-08-04,14:50:10,CHIM,0.9,300
944,2021-08-04,14:50:10,CHIM,0.9,500
2375,2021-08-05,13:20:51,CHIM,0.938,1000
945,2021-08-04,14:43:52,CHIM,0.898,300
946,2021-08-04,14:43:52,CHIM,0.898,900
2376,2021-08-05,13:20:51,CHIM,0.938,2613
2377,2021-08-05,13:20:51,CHIM,0.936,600
2378,2021-08-05,13:20:51,CHIM,0.934,500
947,2021-08-04,14:38:19,CCB,1.09,18
948,2021-08-04,14:38:19,CCB,1.08,482
949,2021-08-04,14:38:06,CCB,1.08,500
950,2021-08-04,14:36:59,FIB,1.76,450
951,2021-08-04,14:34:34,CHIM,0.898,200
952,2021-08-04,14:34:34,CHIM,0.898,300
2379,2021-08-05,13:20:51,CHIM,0.932,767
953,2021-08-04,14:29:17,SGH,0.5,250
954,2021-08-04,14:27:40,SPH,7.1,100
955,2021-08-04,14:27:40,SPH,7.1,200
956,2021-08-04,14:26:07,CHIM,0.898,500
957,2021-08-04,14:25:14,CHIM,0.9,500
958,2021-08-04,14:24:21,CHIM,0.89,203
959,2021-08-04,14:24:21,CHIM,0.89,1900
960,2021-08-04,14:23:51,CHIM,0.888,1000
961,2021-08-04,14:23:51,CHIM,0.886,1000
962,2021-08-04,14:23:51,CHIM,0.886,500
963,2021-08-04,14:23:27,CCB,1.08,2000
964,2021-08-04,14:22:51,CCB,1.08,18
965,2021-08-04,14:22:51,CCB,1.08,1982
966,2021-08-04,14:22:16,A4L,17.2,70
967,2021-08-04,14:22:11,CHIM,0.882,700
968,2021-08-04,14:20:50,ATER,2.73,200
969,2021-08-04,14:20:43,BREF,2.36,910
970,2021-08-04,14:20:42,CHIM,0.88,1305
971,2021-08-04,14:20:13,CHIM,0.88,3695
972,2021-08-04,14:20:13,CHIM,0.88,805
2380,2021-08-05,13:20:51,CHIM,0.93,1031
2381,2021-08-05,13:20:51,CHIM,0.93,3000
2382,2021-08-05,13:20:18,CHIM,0.928,500
973,2021-08-04,14:19:28,CCB,1.08,8000
974,2021-08-04,14:18:53,CHIM,0.88,8
975,2021-08-04,14:18:53,CHIM,0.878,1000
976,2021-08-04,14:18:53,CHIM,0.878,1140
977,2021-08-04,14:18:53,CHIM,0.878,1100
978,2021-08-04,14:18:53,CHIM,0.876,1500
979,2021-08-04,14:18:53,CHIM,0.876,599
980,2021-08-04,14:18:53,CHIM,0.876,650
981,2021-08-04,14:18:53,CHIM,0.874,1000
982,2021-08-04,14:18:53,CHIM,0.874,1300
983,2021-08-04,14:18:53,CHIM,0.874,500
984,2021-08-04,14:18:53,CHIM,0.872,1203
985,2021-08-04,14:18:27,A4L,17,30
986,2021-08-04,14:18:27,A4L,17,57
987,2021-08-04,14:18:21,CHIM,0.872,797
988,2021-08-04,14:18:21,CHIM,0.872,650
989,2021-08-04,14:18:07,A4L,17,233
990,2021-08-04,14:18:07,A4L,17,67
991,2021-08-04,14:18:02,CHIM,0.872,350
992,2021-08-04,14:18:02,CHIM,0.872,650
993,2021-08-04,14:17:37,CHIM,0.87,353
994,2021-08-04,14:16:59,A4L,17,143
995,2021-08-04,14:16:59,A4L,17,300
996,2021-08-04,14:16:59,A4L,17,150
997,2021-08-04,14:16:59,A4L,17.1,50
998,2021-08-04,14:16:59,A4L,17.1,7
999,2021-08-04,14:16:59,A4L,17.1,50
1000,2021-08-04,14:16:59,A4L,17.2,100
1001,2021-08-04,14:15:48,A4L,17.3,100
1002,2021-08-04,14:15:39,CHIM,0.87,2647
1003,2021-08-04,14:15:39,CHIM,0.87,1000
1004,2021-08-04,14:15:39,CHIM,0.87,353
1005,2021-08-04,14:14:38,ATER,2.75,260
1006,2021-08-04,14:14:38,ATER,2.75,628
1007,2021-08-04,14:14:38,ATER,2.75,506
1008,2021-08-04,14:14:21,SPH,7.2,60
1009,2021-08-04,14:13:46,A4L,17.4,41
1010,2021-08-04,14:13:46,A4L,17.4,50
1011,2021-08-04,14:13:46,A4L,17.4,100
1012,2021-08-04,14:13:46,A4L,17.4,19
1013,2021-08-04,14:13:30,MONB,6.1,100
1014,2021-08-04,14:09:54,CHIM,0.87,1000
1015,2021-08-04,14:09:00,FIB,1.73,980
1016,2021-08-04,14:09:00,FIB,1.73,380
1017,2021-08-04,14:08:36,EAC,1.08,700
1018,2021-08-04,14:08:19,CHIM,0.87,161
1019,2021-08-04,14:07:38,CHIM,0.868,2002
1020,2021-08-04,14:07:09,CCB,1.08,18
1021,2021-08-04,14:07:09,CCB,1.08,250
1022,2021-08-04,14:07:09,CCB,1.07,82
1023,2021-08-04,14:07:00,CHIM,0.868,1154
1024,2021-08-04,14:06:21,CHIM,0.868,2400
1025,2021-08-04,14:06:21,CHIM,0.868,1500
1026,2021-08-04,14:06:21,CHIM,0.866,1001
1027,2021-08-04,14:06:21,CHIM,0.866,900
1028,2021-08-04,14:06:21,CHIM,0.864,800
2383,2021-08-05,13:10:13,MONB,6.1,93
1029,2021-08-04,14:03:50,CCB,1.07,100
1030,2021-08-04,14:03:50,CCB,1.07,1440
1031,2021-08-04,14:03:33,CCB,1.07,1560
1032,2021-08-04,14:03:33,CCB,1.07,1070
1033,2021-08-04,14:03:33,CCB,1.07,10000
1034,2021-08-04,14:03:33,CCB,1.06,300
1035,2021-08-04,14:03:33,CCB,1.06,1000
1036,2021-08-04,14:03:33,CCB,1.06,3000
1037,2021-08-04,14:03:33,CCB,1.06,3070
1038,2021-08-04,14:01:16,ATER,2.75,500
1039,2021-08-04,13:58:00,CHIM,0.864,100
1040,2021-08-04,13:57:55,HVAR,39.6,7
1041,2021-08-04,13:57:55,HVAR,39.6,4
1042,2021-08-04,13:57:55,HVAR,39.8,14
1043,2021-08-04,13:57:40,ATER,2.75,74
1044,2021-08-04,13:57:12,A4L,17.4,81
1045,2021-08-04,13:57:12,A4L,17.5,49
1046,2021-08-04,13:56:09,CCB,1.06,500
1047,2021-08-04,13:55:16,SGH,0.51,1100
1048,2021-08-04,13:51:01,HVAR,40.2,10
1049,2021-08-04,13:50:23,ATER,2.74,500
1050,2021-08-04,13:45:49,ATER,2.74,113
1051,2021-08-04,13:44:35,ATER,2.73,77
1052,2021-08-04,13:43:57,ODES,102,5
2384,2021-08-05,13:01:39,FIB,1.77,100
1053,2021-08-04,13:42:48,DUH,6.8,300
1054,2021-08-04,13:41:08,DUH,6.8,19
1055,2021-08-04,13:41:08,DUH,6.8,431
1056,2021-08-04,13:31:08,BREF,2.36,600
1057,2021-08-04,13:29:05,A4L,17.6,75
1058,2021-08-04,13:28:12,BREF,2.36,1414
1059,2021-08-04,13:24:58,CCB,1.06,450
1060,2021-08-04,13:22:15,ATER,2.73,185
1061,2021-08-04,13:22:15,ATER,2.73,200
1062,2021-08-04,13:21:28,EUBG,2.52,49000
1063,2021-08-04,13:02:51,PET,0.102,4
1064,2021-08-04,13:02:51,PET,0.102,245
1065,2021-08-04,13:01:22,BREF,2.36,1000
2385,2021-08-05,12:58:12,CHIM,0.928,1000
2386,2021-08-05,12:58:12,CHIM,0.928,1000
2387,2021-08-05,12:56:29,CHIM,0.926,772
2388,2021-08-05,12:56:29,CHIM,0.926,1000
2389,2021-08-05,12:53:04,FIB,1.765,741
1066,2021-08-04,12:39:03,CCB,1.06,375
1067,2021-08-04,12:35:29,EUBG,2.48,1275
1068,2021-08-04,12:31:16,CCB,1.06,420
2390,2021-08-05,12:52:39,ELHM,0.785,711
2391,2021-08-05,12:49:53,EAC,1.08,1000
2392,2021-08-05,12:46:58,CHIM,0.924,190
1069,2021-08-04,12:27:03,HVAR,40.2,10
1070,2021-08-04,12:27:02,SFT,5.15,100
2393,2021-08-05,12:46:58,CHIM,0.924,810
1071,2021-08-04,12:25:03,ZLP,1.35,77
1072,2021-08-04,12:25:03,ZLP,1.39,193
1073,2021-08-04,12:25:03,ZLP,1.4,150
2394,2021-08-05,12:42:58,CCB,1.09,360
2395,2021-08-05,12:40:47,SFA,3.5,100
2396,2021-08-05,12:39:50,TBS,13.6,31
2397,2021-08-05,12:35:09,MONB,6.1,88
1074,2021-08-04,12:16:17,ATER,2.72,255
1075,2021-08-04,12:15:37,FIB,1.73,200
1076,2021-08-04,12:11:34,DUH,6.8,65
1077,2021-08-04,12:11:34,DUH,6.8,485
1078,2021-08-04,12:08:44,SFT,5.15,350
1079,2021-08-04,12:05:03,GR6,1.46,700
2398,2021-08-05,12:33:05,A4L,17.4,4
1080,2021-08-04,12:00:21,SFT,5.15,150
1081,2021-08-04,11:59:39,CHIM,0.86,700
2399,2021-08-05,12:33:05,A4L,17,2
2400,2021-08-05,12:01:54,DUH,6.94,250
1082,2021-08-04,11:57:50,BREF,2.36,3000
2401,2021-08-05,12:01:16,MONB,6.1,72
2402,2021-08-05,11:59:59,EAC,1.08,4000
1083,2021-08-04,11:57:00,ALCM,8.75,420
1084,2021-08-04,11:57:00,ALCM,8.8,300
1085,2021-08-04,11:57:00,ALCM,8.8,280
1086,2021-08-04,11:56:04,ALCM,8.8,100
1087,2021-08-04,11:54:32,ALCM,8.8,120
1088,2021-08-04,11:54:32,ALCM,8.85,80
2403,2021-08-05,11:58:57,HVAR,40.2,5
1089,2021-08-04,11:52:33,BREF,2.36,623
1090,2021-08-04,11:50:46,BREF,2.35,426
1091,2021-08-04,11:50:46,BREF,2.35,451
1092,2021-08-04,11:50:40,BREF,2.35,549
1093,2021-08-04,11:50:40,BREF,2.35,451
1094,2021-08-04,11:49:57,BREF,2.35,49
1095,2021-08-04,11:49:57,BREF,2.34,1451
1096,2021-08-04,11:49:29,BREF,2.34,2000
1097,2021-08-04,11:48:11,BREF,2.34,1000
2404,2021-08-05,11:58:57,HVAR,40,5
1098,2021-08-04,11:46:45,ATER,2.72,500
1099,2021-08-04,11:45:00,SFA,3.48,180
2405,2021-08-05,11:57:37,HIKA,2.9,100
1100,2021-08-04,11:44:24,ATER,2.72,245
2406,2021-08-05,11:56:08,A4L,17,90
2407,2021-08-05,11:55:14,A4L,17,100
1101,2021-08-04,11:43:47,BREF,2.34,292
2408,2021-08-05,11:54:45,A4L,17,43
2409,2021-08-05,11:53:31,A4L,17,150
1102,2021-08-04,11:37:43,ATER,2.71,230
1103,2021-08-04,11:37:39,ATER,2.71,50
2410,2021-08-05,11:53:16,DUH,6.9,101
1104,2021-08-04,11:37:10,BREF,2.34,708
1105,2021-08-04,11:37:10,BREF,2.34,1200
1106,2021-08-04,11:37:10,BREF,2.34,615
1107,2021-08-04,11:37:10,BREF,2.33,3977
1108,2021-08-04,11:35:41,BREF,2.33,430
1109,2021-08-04,11:35:41,BREF,2.33,1000
1110,2021-08-04,11:35:41,BREF,2.33,500
1111,2021-08-04,11:33:33,CCB,1.06,380
1112,2021-08-04,11:33:02,ATER,2.71,500
1113,2021-08-04,11:32:31,ZHBG,0.143,3000
1114,2021-08-04,11:32:26,MONB,6,104
1115,2021-08-04,11:32:26,MONB,6,166
1116,2021-08-04,11:32:26,MONB,6,20
1117,2021-08-04,11:32:26,MONB,6,1664
1118,2021-08-04,11:32:26,MONB,6.1,35
1119,2021-08-04,11:32:26,MONB,6.1,11
2411,2021-08-05,11:53:16,DUH,6.9,249
2412,2021-08-05,11:52:53,A4L,17,150
1120,2021-08-04,11:28:22,ATER,2.71,220
1121,2021-08-04,11:28:22,ATER,2.71,140
2413,2021-08-05,11:51:05,A4L,17,50
1122,2021-08-04,11:26:19,ATER,2.71,500
2414,2021-08-05,11:51:05,A4L,17,100
2415,2021-08-05,11:51:05,A4L,17,200
2416,2021-08-05,11:47:37,ZHBG,0.152,2142
2417,2021-08-05,11:47:15,ZHBG,0.15,5000
2418,2021-08-05,11:47:15,ZHBG,0.148,2462
2419,2021-08-05,11:46:52,CCB,1.09,400
2420,2021-08-05,11:44:51,EUBG,2.56,50
1123,2021-08-04,11:20:55,DUH,6.8,67
1124,2021-08-04,11:20:55,DUH,6.8,400
1125,2021-08-04,11:20:55,DUH,6.8,305
2421,2021-08-05,11:44:51,EUBG,2.54,9000
1126,2021-08-04,11:20:49,ATER,2.71,300
2422,2021-08-05,11:44:51,EUBG,2.54,600
2423,2021-08-05,11:44:51,EUBG,2.52,850
2424,2021-08-05,11:43:50,FIB,1.765,111
1127,2021-08-04,11:14:36,CCB,1.06,450
2425,2021-08-05,11:42:26,A4L,17.3,175
2426,2021-08-05,11:42:26,A4L,17.3,25
2427,2021-08-05,11:42:26,A4L,17.3,150
2428,2021-08-05,11:41:47,DUH,6.9,443
2429,2021-08-05,11:41:47,DUH,6.92,1500
2430,2021-08-05,11:35:01,CHIM,0.924,1000
2431,2021-08-05,11:34:47,CHIM,0.924,483
2432,2021-08-05,11:34:47,CHIM,0.92,777
1128,2021-08-04,11:04:56,IHB,1.57,500
2433,2021-08-05,11:34:47,CHIM,0.92,1740
2434,2021-08-05,11:34:18,ZHBG,0.146,5000
2435,2021-08-05,11:34:18,ZHBG,0.144,1550
2436,2021-08-05,11:31:34,TBS,13.5,252
2437,2021-08-05,11:25:34,CHIM,0.92,1260
2438,2021-08-05,11:25:34,CHIM,0.914,1000
2439,2021-08-05,11:25:34,CHIM,0.912,1100
2440,2021-08-05,11:25:34,CHIM,0.912,500
2441,2021-08-05,11:25:34,CHIM,0.91,1140
1129,2021-08-04,10:56:00,SFT,5.15,37
1130,2021-08-04,10:55:00,ATER,2.71,60
2442,2021-08-05,11:24:44,CHIM,0.91,1860
2443,2021-08-05,11:24:44,CHIM,0.91,550
2444,2021-08-05,11:24:44,CHIM,0.908,1000
1131,2021-08-04,10:44:32,MONB,6,69
1132,2021-08-04,10:44:32,MONB,6,800
1133,2021-08-04,10:44:32,MONB,6,166
1134,2021-08-04,10:44:32,MONB,6.05,165
1135,2021-08-04,10:44:32,MONB,6.05,300
1136,2021-08-04,10:43:31,MONB,6.05,1000
1137,2021-08-04,10:43:31,MONB,6.1,500
2445,2021-08-05,11:24:44,CHIM,0.906,789
2446,2021-08-05,11:24:44,CHIM,0.904,801
2447,2021-08-05,11:19:39,DUH,6.96,230
1138,2021-08-04,10:36:47,HVAR,40.2,10
2448,2021-08-05,11:19:27,DUH,6.94,90
1139,2021-08-04,10:35:25,ALCM,8.9,50
1140,2021-08-04,10:35:25,ALCM,8.9,140
1141,2021-08-04,10:35:25,ALCM,8.9,80
2449,2021-08-05,11:13:05,EAC,1.08,2475
2450,2021-08-05,11:05:49,CCB,1.09,150
1142,2021-08-04,10:34:28,ATER,2.71,100
2451,2021-08-05,10:59:18,BREF,2.34,300
2452,2021-08-05,10:57:19,CHIM,0.9,60
1143,2021-08-04,10:30:35,SFT,5.2,150
2453,2021-08-05,10:56:06,CHIM,0.882,1000
2454,2021-08-05,10:55:52,DUH,6.96,70
2455,2021-08-05,10:55:47,ATER,2.64,200
2456,2021-08-05,10:55:47,ATER,2.64,300
2457,2021-08-05,10:55:27,SFA,3.48,76
2458,2021-08-05,10:55:27,SFA,3.48,124
2459,2021-08-05,10:54:34,CHIM,0.9,2940
2460,2021-08-05,10:54:34,CHIM,0.9,2000
2461,2021-08-05,10:54:34,CHIM,0.898,650
2462,2021-08-05,10:53:48,A4L,17.5,14
2463,2021-08-05,10:52:09,DUH,6.92,150
2464,2021-08-05,10:48:20,CHIM,0.896,800
2465,2021-08-05,10:47:42,HVAR,40,10
2466,2021-08-05,10:45:03,CCB,1.09,110
2467,2021-08-05,10:45:03,CCB,1.08,240
1144,2021-08-04,10:12:47,CCB,1.06,410
1145,2021-08-04,10:12:03,A4L,17.5,2
1146,2021-08-04,10:10:29,DUH,6.8,195
2468,2021-08-05,10:44:31,CCB,1.08,310
2469,2021-08-05,10:44:31,CCB,1.08,150
1147,2021-08-04,10:10:13,A4L,17.5,48
1148,2021-08-04,10:10:13,A4L,17.5,77
2470,2021-08-05,10:39:46,A4L,17.3,1120
2471,2021-08-05,10:39:46,A4L,17.3,280
2472,2021-08-05,10:39:43,SFA,3.5,165
2473,2021-08-05,10:34:34,CCB,1.08,2850
2474,2021-08-05,10:34:34,CCB,1.08,3650
1149,2021-07-23,17:00:28,DUH,7.18,100
1150,2021-07-23,17:00:28,DUH,7.18,414
1151,2021-07-23,17:00:28,DUH,7.18,100
1152,2021-07-23,17:00:20,TBS,13.5,235
1153,2021-07-23,17:00:20,TBS,13.5,1455
1154,2021-07-23,17:00:20,TBS,13.5,16
1155,2021-07-23,17:00:20,TBS,13.5,249
1156,2021-07-23,17:00:13,CCB,0.995,400
1157,2021-07-23,17:00:01,MONB,6,100
1158,2021-07-23,16:54:42,DUH,7.18,650
2475,2021-08-05,10:34:10,FIB,1.765,291
1159,2021-07-23,16:54:30,SFT,5.1,66
1160,2021-07-23,16:54:29,DUH,7.18,650
1161,2021-07-23,16:54:29,DUH,7.18,300
1162,2021-07-23,16:54:29,DUH,7.18,37
1163,2021-07-23,16:54:24,DUH,7.16,1000
1164,2021-07-23,16:54:24,DUH,7.16,258
1165,2021-07-23,16:53:07,HVAR,40.2,10
2476,2021-08-05,10:33:00,NEOH,28,17
2477,2021-08-05,10:29:01,DUH,6.9,140
1166,2021-07-23,16:52:11,NEOH,25.6,39
1167,2021-07-23,16:50:27,DUH,7.14,200
1168,2021-07-23,16:50:01,DUH,7.16,84
1169,2021-07-23,16:48:44,DUH,7.14,200
1170,2021-07-23,16:47:09,DUH,7.14,200
1171,2021-07-23,16:45:55,A4L,17.6,105
1172,2021-07-23,16:45:55,A4L,17.6,77
1173,2021-07-23,16:45:55,A4L,17.7,45
1174,2021-07-23,16:45:03,DUH,7.12,187
2478,2021-08-05,10:29:01,DUH,6.9,100
1175,2021-07-23,16:41:51,DUH,7.16,158
2479,2021-08-05,10:29:01,DUH,6.9,100
1176,2021-07-23,16:38:24,DUH,7.1,150
1177,2021-07-23,16:37:42,TBS,13.6,90
1178,2021-07-23,16:32:15,SFT,5.1,100
2480,2021-08-05,10:28:53,CCB,1.08,350
1179,2021-07-23,16:22:29,SGH,0.5,1000
2481,2021-08-05,10:25:03,CHIM,0.898,50
1180,2021-07-23,16:20:30,BREF,2.14,220
2482,2021-08-05,10:19:43,BREF,2.34,300
1181,2021-07-23,16:18:34,ALCM,9.2,125
1182,2021-07-23,16:18:25,DUH,7.08,25
1183,2021-07-23,16:07:59,EUBG,2.58,500
1184,2021-07-23,15:51:43,A4L,17.7,50
1185,2021-07-23,15:50:41,DUH,7.1,100
1186,2021-07-23,15:41:26,A4L,17.7,100
1187,2021-07-23,15:41:01,A4L,17.7,100
1188,2021-07-23,15:32:47,A4L,17.7,62
1189,2021-07-23,15:29:48,ATER,2.5,1500
1190,2021-07-23,15:28:30,DUH,7.08,7542
1191,2021-07-23,15:28:30,DUH,7.08,1039
1192,2021-07-23,15:28:30,DUH,7.08,2000
1193,2021-07-23,15:28:30,DUH,7.08,703
1194,2021-07-23,15:28:30,DUH,7.08,340
1195,2021-07-23,15:28:30,DUH,7.08,78
1196,2021-07-23,15:28:30,DUH,7.08,1005
1197,2021-07-23,15:28:30,DUH,7.08,210
1198,2021-07-23,15:28:30,DUH,7.08,987
1199,2021-07-23,15:28:30,DUH,7.1,26
1200,2021-07-23,15:28:30,DUH,7.1,220
1201,2021-07-23,15:28:30,DUH,7.1,50
1202,2021-07-23,15:18:17,DUH,7.16,370
1203,2021-07-23,15:17:53,CHIM,0.846,380
1204,2021-07-23,15:17:53,CHIM,0.846,1500
1205,2021-07-23,15:17:36,DUH,7.16,100
1206,2021-07-23,15:10:55,ATER,2.52,1022
1207,2021-07-23,15:09:54,ATER,2.51,50
1208,2021-07-23,15:09:54,ATER,2.51,4
1209,2021-07-23,15:09:42,DUH,7.14,1000
1210,2021-07-23,14:53:40,ATER,2.51,44
1211,2021-07-23,14:50:20,A4L,17.7,20
1212,2021-07-23,14:47:37,TBS,13.6,10
1213,2021-07-23,14:45:25,SPH,7.1,15
1214,2021-07-23,14:39:14,ATER,2.48,1000
1215,2021-07-23,14:39:07,GR6,1.47,17
1216,2021-07-23,14:36:30,ALB,33.6,2
1217,2021-07-23,14:35:06,SPH,7.1,100
2483,2021-08-05,10:10:33,ATER,2.72,100
2484,2021-08-05,10:10:26,BREF,2.37,10
2485,2021-08-05,10:10:25,EUBG,2.52,700
2486,2021-08-05,10:10:15,NEOH,28,60
1218,2021-07-23,14:28:03,CCB,0.995,45
1219,2021-07-23,14:28:03,CCB,0.99,355
1220,2021-07-23,14:28:01,CCB,0.99,400
2487,2021-08-05,10:10:02,ATER,2.72,30
1221,2021-07-23,14:17:58,SFT,5.1,6
1222,2021-07-23,14:11:51,NEOH,25.6,32
1223,2021-07-23,14:11:51,NEOH,25.4,48
1224,2021-07-23,14:11:30,BREF,2.15,40
1225,2021-07-23,14:10:43,NEOH,25.4,12
1226,2021-07-23,14:10:43,NEOH,25.4,28
1227,2021-07-23,14:10:34,SFA,3.48,500
1228,2021-07-23,14:04:37,ATER,2.51,70
1229,2021-07-23,14:00:05,MONB,6,134
1230,2021-07-23,14:00:05,MONB,6,166
1231,2021-07-23,13:59:59,NEOH,25.2,10
1232,2021-07-23,13:57:34,ATER,2.51,1000
1233,2021-07-23,13:55:28,ATER,2.5,94
2488,2021-08-05,10:10:02,ATER,2.72,39
1234,2021-07-23,13:53:39,ATER,2.5,406
1235,2021-07-23,13:53:39,ATER,2.5,994
1236,2021-07-23,13:49:48,SFA,3.48,150
1237,2021-07-23,13:49:21,NEOH,25,32
2489,2021-08-05,10:10:02,ATER,2.72,370
1238,2021-07-23,13:38:39,ATER,2.5,6
1239,2021-07-23,13:35:28,DUH,7.18,213
1240,2021-07-23,13:32:56,DUH,7.1,100
1241,2021-07-23,13:27:51,NEOH,25,78
1242,2021-07-23,13:15:05,NEOH,25,29
1243,2021-07-23,13:15:05,NEOH,25,80
1244,2021-07-23,13:15:05,NEOH,25,40
1245,2021-07-23,13:15:05,NEOH,24.8,46
1246,2021-07-23,13:13:08,HVAR,40.2,10
1247,2021-07-23,13:09:08,CHIM,0.846,750
1248,2021-07-23,13:09:08,CHIM,0.846,250
1249,2021-07-23,13:07:35,SPH,7.1,40
1250,2021-07-23,12:46:38,SPH,7.2,29
1251,2021-07-23,12:46:33,DUH,7.08,987
1252,2021-07-23,12:46:33,DUH,7.08,987
1253,2021-07-23,12:46:33,DUH,7.08,3000
1254,2021-07-23,12:46:33,DUH,7.08,300
1255,2021-07-23,12:46:33,DUH,7.08,101
1256,2021-07-23,12:46:33,DUH,7.1,500
1257,2021-07-23,12:46:33,DUH,7.1,500
1258,2021-07-23,12:46:33,DUH,7.12,262
1259,2021-07-23,12:46:33,DUH,7.12,160
1260,2021-07-23,12:46:33,DUH,7.12,100
1261,2021-07-23,12:46:33,DUH,7.12,87
1262,2021-07-23,12:46:33,DUH,7.14,166
1263,2021-07-23,12:46:33,DUH,7.14,250
1264,2021-07-23,12:46:33,DUH,7.16,1250
1265,2021-07-23,12:42:35,CCB,0.99,350
1266,2021-07-23,12:37:32,DUH,7.16,130
1267,2021-07-23,12:37:32,DUH,7.16,120
1268,2021-07-23,12:35:22,EUBG,2.56,8000
1269,2021-07-23,12:32:34,SFT,5.1,140
1270,2021-07-23,12:29:30,DUH,7.18,160
1271,2021-07-23,12:17:47,SFT,5.1,60
1272,2021-07-23,12:17:47,SFT,5.1,40
1273,2021-07-23,12:14:57,CCB,0.985,380
1274,2021-07-23,12:08:54,DUH,7.22,140
1275,2021-07-23,11:43:32,HVAR,40.2,10
1276,2021-07-23,11:35:26,DUH,7.16,140
1277,2021-07-23,11:30:03,FIB,1.78,190
1278,2021-07-23,11:30:03,FIB,1.78,410
1279,2021-07-23,11:24:29,DUH,7.16,150
1280,2021-07-23,11:22:38,FIB,1.775,564
1281,2021-07-23,11:21:25,FIB,1.75,506
1282,2021-07-23,11:18:10,ALB,32.2,31
1283,2021-07-23,11:18:10,ALB,32.2,30
1284,2021-07-23,11:15:02,ALB,32.4,20
1285,2021-07-23,11:14:19,ALB,32.6,15
1286,2021-07-23,10:58:04,SFA,3.48,200
1287,2021-07-23,10:58:04,SFA,3.48,100
1288,2021-07-23,10:57:07,CCB,0.995,400
1289,2021-07-23,10:47:08,SFA,3.48,100
1290,2021-07-23,10:33:49,HES,5.65,30
1291,2021-07-23,10:32:13,DUH,7.24,280
1292,2021-07-23,10:17:49,DUH,7.14,50
1293,2021-07-23,10:11:08,BREF,2.13,970
1294,2021-07-23,10:11:08,BREF,2.13,700
1295,2021-07-23,10:10:16,DUH,7.24,250
1296,2021-07-26,16:52:30,ATER,2.55,170
1297,2021-07-26,16:49:31,ALB,34,25
1298,2021-07-26,16:49:26,IHB,1.35,890
1299,2021-07-26,16:49:26,IHB,1.35,6110
1300,2021-07-26,16:42:22,ATER,2.55,300
1301,2021-07-26,16:39:35,SPH,7.1,1000
1302,2021-07-26,16:39:33,ATER,2.55,70
1303,2021-07-26,16:39:33,ATER,2.55,230
1304,2021-07-26,16:34:18,MSH,7.6,30
1305,2021-07-26,16:33:41,BREF,2.2,450
1306,2021-07-26,16:32:41,MSH,7.6,22
1307,2021-07-26,16:32:41,MSH,7.6,8
1308,2021-07-26,16:29:48,A4L,17.9,35
1309,2021-07-26,16:29:48,A4L,17.9,50
1310,2021-07-26,16:29:15,ATER,2.54,1800
1311,2021-07-26,16:28:18,NEOH,26.2,5
1312,2021-07-26,16:28:18,NEOH,26,30
1313,2021-07-26,16:28:18,NEOH,26,15
1314,2021-07-26,16:26:41,CHIM,0.85,2602
1315,2021-07-26,16:25:23,EMKA,3.4,200
1316,2021-07-26,16:22:44,ALB,34,20
1317,2021-07-26,16:22:40,ATER,2.54,300
1318,2021-07-26,16:19:46,ALB,34,107
1319,2021-07-26,16:19:46,ALB,34,263
1320,2021-07-26,16:18:23,TBS,13.7,28622
1321,2021-07-26,16:18:23,TBS,13.7,555
1322,2021-07-26,16:18:23,TBS,13.7,73
1323,2021-07-26,16:18:23,TBS,13.7,150
1324,2021-07-26,16:18:23,TBS,13.6,200
1325,2021-07-26,16:17:29,TBS,13.6,500
1326,2021-07-26,16:17:29,TBS,13.6,100
1327,2021-07-26,16:17:22,HRZ,2.66,13100
1328,2021-07-26,16:17:22,HRZ,2.66,500
1329,2021-07-26,16:16:47,EMKA,3.36,531
1330,2021-07-26,16:16:41,EMKA,3.36,300
1331,2021-07-26,16:16:17,EMKA,3.36,1000
1332,2021-07-26,16:14:50,EMKA,3.36,200
1333,2021-07-26,16:14:02,EMKA,3.32,1000
1334,2021-07-26,16:09:20,HRZ,2.66,8500
1335,2021-07-26,16:09:20,HRZ,2.66,1500
1336,2021-07-26,16:08:28,CCB,0.995,370
1337,2021-07-26,16:07:53,NEOH,26,5
1338,2021-07-26,16:07:10,IDH,2.36,90000
1339,2021-07-26,16:07:10,IDH,2.36,14000
1340,2021-07-26,16:06:50,IDH,2.36,45000
1341,2021-07-26,16:06:50,IDH,2.36,1000
1342,2021-07-26,16:06:21,ATER,2.54,300
1343,2021-07-26,15:56:04,CCB,0.995,400
1344,2021-07-26,15:47:44,ELHM,0.83,1000
1345,2021-07-26,15:44:16,IDH,2.36,50000
1346,2021-07-26,15:44:16,IDH,2.36,4000
1347,2021-07-26,15:43:56,HVAR,40,10
1348,2021-07-26,15:43:48,IDH,2.36,45000
1349,2021-07-26,15:43:48,IDH,2.36,5000
1350,2021-07-26,15:40:41,ATER,2.54,100
1351,2021-07-26,15:39:36,HES,5.8,1776
1352,2021-07-26,15:34:10,ATER,2.54,500
1353,2021-07-26,15:29:32,T57,3.58,175
1354,2021-07-26,15:23:48,ATER,2.53,100
1355,2021-07-26,15:21:52,ATER,2.53,122
1356,2021-07-26,15:21:52,ATER,2.53,108
1357,2021-07-26,15:21:04,ATER,2.52,1000
1358,2021-07-26,15:21:04,ATER,2.52,20
1359,2021-07-26,15:21:04,ATER,2.52,9750
1360,2021-07-26,15:20:03,EAC,1.06,500
1361,2021-07-26,15:18:41,MONB,6.05,30
1362,2021-07-26,15:15:33,CCB,0.995,150
1363,2021-07-26,15:13:29,CCB,0.995,375
1364,2021-07-26,15:07:44,NEOH,26,18
1365,2021-07-26,15:04:42,NEOH,25.8,39
1366,2021-07-26,15:04:04,IDH,2.36,45000
1367,2021-07-26,15:04:04,IDH,2.36,5000
1368,2021-07-26,15:03:08,IHB,1.39,1200
1369,2021-07-26,14:53:53,SGH,0.5,100
1370,2021-07-26,14:49:08,LAV,3.8,10
1371,2021-07-26,14:48:04,IHB,1.38,800
1372,2021-07-26,14:43:15,SGH,0.482,550
1373,2021-07-26,14:42:50,ALB,34,88
1374,2021-07-26,14:41:52,CCB,0.995,400
1375,2021-07-26,14:41:46,NEOH,25.8,41
1376,2021-07-26,14:40:01,NEOH,25.6,113
1377,2021-07-26,14:38:57,MONB,6,100
1378,2021-07-26,14:38:57,MONB,6,100
1379,2021-07-26,14:38:57,MONB,6,100
1380,2021-07-26,14:38:57,MONB,6,150
1381,2021-07-26,14:38:57,MONB,6,150
1382,2021-07-26,14:38:20,ZHBG,0.137,4400
1383,2021-07-26,14:33:01,HRZ,2.66,29700
1384,2021-07-26,14:33:01,HRZ,2.66,300
1385,2021-07-26,14:32:01,ZHBG,0.148,150
1386,2021-07-26,14:19:52,IHB,1.37,500
1387,2021-07-26,14:16:12,IHB,1.36,230
1388,2021-07-26,14:11:25,ATER,2.5,3000
1389,2021-07-26,14:11:14,DUH,6.78,147
1390,2021-07-26,14:11:14,DUH,6.76,103
1391,2021-07-26,14:08:55,HRZ,2.66,21300
1392,2021-07-26,14:08:55,HRZ,2.66,2700
1393,2021-07-26,14:05:24,MONB,5.75,219
1394,2021-07-26,14:05:24,MONB,5.75,174
1395,2021-07-26,14:05:24,MONB,5.8,172
1396,2021-07-26,14:05:24,MONB,5.8,200
1397,2021-07-26,14:05:24,MONB,5.9,169
1398,2021-07-26,14:05:24,MONB,5.9,505
1399,2021-07-26,14:05:24,MONB,6,1295
1400,2021-07-26,14:03:10,DUH,6.74,150
1401,2021-07-26,13:56:38,EAC,1.06,6598
1402,2021-07-26,13:51:14,DUH,6.74,300
1403,2021-07-26,13:51:14,DUH,6.74,50
1404,2021-07-26,13:47:19,EAC,1.06,945
1405,2021-07-26,13:42:58,ODES,110,20
1406,2021-07-26,13:36:34,ODES,112,10
1407,2021-07-26,13:31:52,HES,5.8,124
1408,2021-07-26,13:30:33,ODES,113,5
1409,2021-07-26,13:30:33,ODES,114,5
1410,2021-07-26,13:30:33,ODES,114,10
1411,2021-07-26,13:29:36,DUH,6.78,40
1412,2021-07-26,13:25:07,HVAR,40.4,10
1413,2021-07-26,13:18:37,MONB,6.05,35
1414,2021-07-26,13:18:37,MONB,6.05,165
1415,2021-07-26,13:15:23,DUH,6.8,200
1416,2021-07-26,13:13:00,CCB,0.995,100
1417,2021-07-26,13:13:00,CCB,0.995,250
1418,2021-07-26,13:12:54,CCB,0.995,500
1419,2021-07-26,13:08:00,CHIM,0.842,21951
1420,2021-07-26,13:08:00,CHIM,0.844,1400
1421,2021-07-26,13:08:00,CHIM,0.844,1042
1422,2021-07-26,13:08:00,CHIM,0.844,1185
1423,2021-07-26,13:08:00,CHIM,0.844,20000
1424,2021-07-26,13:08:00,CHIM,0.846,1000
1425,2021-07-26,13:08:00,CHIM,0.846,1210
1426,2021-07-26,13:07:11,FZLS,19,35
1427,2021-07-26,13:07:11,FZLS,19.2,25
1428,2021-07-26,13:06:34,SFT,5.1,888
1429,2021-07-26,13:04:21,MSH,7.6,4
1430,2021-07-26,13:04:21,MSH,7.6,1153
1431,2021-07-26,13:03:56,SFA,3.48,1550
1432,2021-07-26,13:03:56,SFA,3.48,900
1433,2021-07-26,13:03:56,SFA,3.48,200
1434,2021-07-26,13:03:56,SFA,3.48,850
1435,2021-07-26,13:02:50,ODES,115,20
1436,2021-07-26,13:02:49,BREF,2.19,3780
1437,2021-07-26,13:02:36,IHB,1.36,770
1438,2021-07-26,13:02:36,IHB,1.36,1000
1439,2021-07-26,12:59:31,BREF,2.19,993
1440,2021-07-26,12:59:31,BREF,2.17,200
1441,2021-07-26,12:58:59,SPH,7.1,245
1442,2021-07-26,12:57:42,MONB,6,505
1443,2021-07-26,12:56:18,IHB,1.35,1945
1444,2021-07-26,12:56:18,IHB,1.35,1000
1445,2021-07-26,12:56:18,IHB,1.35,1945
1446,2021-07-26,12:55:50,HIKA,2.94,300
1447,2021-07-26,12:54:55,EAC,1.06,9900
1448,2021-07-26,12:53:20,ALB,33.6,29
1449,2021-07-26,12:53:20,ALB,33.6,183
1450,2021-07-26,12:53:20,ALB,33.4,29
1451,2021-07-26,12:50:59,A4L,17.5,50
1452,2021-07-26,12:50:59,A4L,17.5,110
1453,2021-07-26,12:50:59,A4L,17.5,120
1454,2021-07-26,12:50:59,A4L,17.5,75
1455,2021-07-26,12:45:52,DUH,6.8,100
1456,2021-07-26,12:45:52,DUH,6.8,155
1457,2021-07-26,12:37:21,HVAR,40.2,100
1458,2021-07-26,12:37:21,HVAR,40.2,35
1459,2021-07-26,12:31:16,MSH,7.5,160
1460,2021-07-26,12:31:16,MSH,7.45,250
1461,2021-07-26,12:29:11,DUH,6.78,50
1462,2021-07-26,12:28:02,CCB,0.995,390
1463,2021-07-26,12:24:34,IDH,2.36,25300
1464,2021-07-26,12:24:34,IDH,2.36,700
1465,2021-07-26,12:21:00,DUH,6.8,45
1466,2021-07-26,12:16:33,DUH,6.8,150
1467,2021-07-26,12:16:33,DUH,6.8,70
1468,2021-07-26,12:05:46,HVAR,40.2,10
1469,2021-07-26,12:05:09,IDH,2.36,17700
1470,2021-07-26,12:05:09,IDH,2.36,5000
1471,2021-07-26,12:05:09,IDH,2.36,2300
1472,2021-07-26,12:02:34,ZHBG,0.14,4500
1473,2021-07-26,12:02:19,ATER,2.49,3700
1474,2021-07-26,12:02:19,ATER,2.49,1300
1475,2021-07-26,11:54:52,IHB,1.35,730
1476,2021-07-26,11:50:39,DUH,6.8,30
1477,2021-07-26,11:50:39,DUH,6.8,80
1478,2021-07-26,11:49:08,CCB,0.995,380
1479,2021-07-26,11:48:51,ATER,2.49,200
1480,2021-07-26,11:47:55,IHB,1.35,420
1481,2021-07-26,11:47:47,ZHBG,0.137,1909
1482,2021-07-26,11:47:47,ZHBG,0.137,4191
1483,2021-07-26,11:39:55,ATER,2.52,40
1484,2021-07-26,11:33:34,ATER,2.48,300
1485,2021-07-26,11:26:41,EUBG,2.6,200
1486,2021-07-26,11:26:41,EUBG,2.58,7300
1487,2021-07-26,11:26:41,EUBG,2.58,1200
1488,2021-07-26,11:26:41,EUBG,2.58,1300
1489,2021-07-26,11:26:05,ATER,2.51,1000
1490,2021-07-26,11:25:38,ATER,2.5,680
1491,2021-07-26,11:03:43,HVAR,40.2,10
1492,2021-07-26,10:51:55,DUH,6.74,50
1493,2021-07-26,10:44:18,DUH,6.72,50
1494,2021-07-26,10:42:03,MONB,6,100
1495,2021-07-26,10:39:17,CCB,0.995,400
1496,2021-07-26,10:34:03,BREF,2.19,7
1497,2021-07-26,10:31:59,A4L,18,43
1498,2021-07-26,10:31:31,MSH,7.45,100
1499,2021-07-26,10:27:14,EAC,1.06,500
1500,2021-07-26,10:20:00,BREF,2.16,800
1501,2021-07-26,10:18:48,BREF,2.15,1060
1502,2021-07-26,10:18:11,EAC,1.06,600
1503,2021-07-26,10:18:11,EAC,1.06,945
1504,2021-07-26,10:18:11,EAC,1.06,2000
1505,2021-07-26,10:18:11,EAC,1.06,1000
1506,2021-07-26,10:18:11,EAC,1.06,3412
1507,2021-07-26,10:18:11,EAC,1.06,100
1508,2021-07-26,10:11:11,IHB,1.35,580
1509,2021-07-26,10:10:29,ATER,2.52,500
1510,2021-07-26,10:10:29,ATER,2.52,1088
1511,2021-07-26,10:10:23,SFA,3.48,300
1512,2021-07-26,10:10:22,IHB,1.34,1500
1513,2021-07-26,10:10:22,IHB,1.34,1000
1514,2021-07-26,10:10:22,IHB,1.34,500
1515,2021-07-26,10:10:22,IHB,1.34,2000
1516,2021-07-26,10:10:02,FIB,1.71,150
1517,2021-07-27,17:00:23,CCB,1,420
1518,2021-07-27,17:00:03,ATER,2.55,29
1519,2021-07-27,16:54:29,TBS,13.5,100
1520,2021-07-27,16:54:07,CHIM,0.844,200
1521,2021-07-27,16:54:07,CHIM,0.844,1000
1522,2021-07-27,16:46:47,NEOH,25.4,28
1523,2021-07-27,16:43:35,FIB,1.675,1000
1524,2021-07-27,16:43:35,FIB,1.675,800
1525,2021-07-27,16:43:35,FIB,1.68,200
1526,2021-07-27,16:43:19,ALCM,9.5,720
1527,2021-07-27,16:43:17,SGH,0.498,1300
1528,2021-07-27,16:42:24,T57,3.48,706
1529,2021-07-27,16:42:24,T57,3.5,286
1530,2021-07-27,16:42:24,T57,3.5,100
1531,2021-07-27,16:42:24,T57,3.56,258
1532,2021-07-27,16:41:37,EUBG,2.5,2000
1533,2021-07-27,16:41:00,ZHBG,0.136,5000
1534,2021-07-27,16:41:00,ZHBG,0.136,600
1535,2021-07-27,16:33:46,SFT,5.1,400
1536,2021-07-27,16:30:30,ALCM,9.5,590
1537,2021-07-27,16:16:20,IHB,1.42,125
1538,2021-07-27,16:16:06,TOPL,2.1,396
1539,2021-07-27,16:15:28,ELHM,0.77,400
1540,2021-07-27,16:14:48,SNRG,0.645,1619
1541,2021-07-27,16:12:23,CCB,0.975,140
1542,2021-07-27,16:12:23,CCB,0.98,360
1543,2021-07-27,16:11:38,A4L,17.5,40
1544,2021-07-27,16:11:38,A4L,17.6,4
1545,2021-07-27,16:05:37,ALCM,9.5,80
1546,2021-07-27,16:01:10,CCB,1,400
1547,2021-07-27,15:54:22,HVAR,40,10
1548,2021-07-27,15:44:15,IHB,1.48,552
1549,2021-07-27,15:44:15,IHB,1.48,1448
1550,2021-07-27,15:42:09,CCB,1,370
1551,2021-07-27,15:29:54,EMKA,3.5,1000
1552,2021-07-27,15:29:08,KBG,8.2,1400
1553,2021-07-27,15:21:01,IHB,1.48,552
1554,2021-07-27,15:21:01,IHB,1.48,448
1555,2021-07-27,15:16:42,IHB,1.48,5552
1556,2021-07-27,15:16:42,IHB,1.48,2000
1557,2021-07-27,15:16:42,IHB,1.46,56
1558,2021-07-27,15:16:42,IHB,1.45,242
1559,2021-07-27,15:16:03,BREF,2.22,1704
1560,2021-07-27,15:16:03,BREF,2.22,602
1561,2021-07-27,15:16:03,BREF,2.21,800
1562,2021-07-27,15:16:03,BREF,2.21,1000
1563,2021-07-27,15:16:03,BREF,2.21,500
1564,2021-07-27,15:16:03,BREF,2.21,500
1565,2021-07-27,15:16:03,BREF,2.21,949
1566,2021-07-27,15:15:45,ATER,2.55,43
1567,2021-07-27,15:14:08,ALCM,9.5,10
1568,2021-07-27,15:12:59,ATER,2.55,300
1569,2021-07-27,15:12:59,ATER,2.55,2160
1570,2021-07-27,15:08:16,ODES,105,8
1571,2021-07-27,15:08:16,ODES,107,5
1572,2021-07-27,15:01:58,ATER,2.55,1100
1573,2021-07-27,14:59:58,SFT,5.1,140
1574,2021-07-27,14:59:52,SFT,5.1,140
1575,2021-07-27,14:59:49,SFT,5.1,140
1576,2021-07-27,14:59:47,IHB,1.44,900
1577,2021-07-27,14:59:46,SFT,5.1,140
1578,2021-07-27,14:59:28,NEOH,25.2,814
1579,2021-07-27,14:59:26,NEOH,25.2,30
1580,2021-07-27,14:59:26,NEOH,25.2,30
1581,2021-07-27,14:59:26,NEOH,25.6,50
1582,2021-07-27,14:59:26,NEOH,26,18
1583,2021-07-27,14:59:26,NEOH,26,8
1584,2021-07-27,14:52:28,CCB,1,420
1585,2021-07-27,14:51:50,ELHM,0.835,292
1586,2021-07-27,14:51:36,FIB,1.68,1000
1587,2021-07-27,14:47:41,FZLS,18.6,30
1588,2021-07-27,14:46:10,MSH,7.6,95
1589,2021-07-27,14:43:31,NEOH,26,33
1590,2021-07-27,14:43:09,MSH,7.7,5
1591,2021-07-27,14:42:46,SFA,3.52,380
1592,2021-07-27,14:41:45,IHB,1.4,2000
1593,2021-07-27,14:32:54,FIB,1.7,200
1594,2021-07-27,14:30:43,TBS,13.5,47
1595,2021-07-27,14:30:43,TBS,13.5,14
1596,2021-07-27,14:30:43,TBS,13.5,39
1597,2021-07-27,14:24:52,ODES,107,5
1598,2021-07-27,14:23:08,IHB,1.39,1000
1599,2021-07-27,14:23:08,IHB,1.39,1000
1600,2021-07-27,14:20:56,HVAR,40,3
1601,2021-07-27,14:20:56,HVAR,40,7
1602,2021-07-27,14:18:45,ODES,108,3
1603,2021-07-27,14:18:45,ODES,108,4
1604,2021-07-27,14:18:45,ODES,108,15
1605,2021-07-27,14:17:41,IHB,1.39,3000
1606,2021-07-27,14:17:41,IHB,1.39,2000
1607,2021-07-27,14:08:40,IHB,1.39,2000
1608,2021-07-27,14:08:40,IHB,1.39,2000
1609,2021-07-27,14:08:40,IHB,1.39,102
1610,2021-07-27,14:07:06,IHB,1.39,3898
1611,2021-07-27,14:07:06,IHB,1.39,302
1612,2021-07-27,14:06:29,ATER,2.55,1730
1613,2021-07-27,14:06:29,ATER,2.56,500
1614,2021-07-27,14:06:29,ATER,2.57,170
1615,2021-07-27,14:05:24,CCB,1,375
1616,2021-07-27,13:50:59,SFA,3.5,2397
1617,2021-07-27,13:50:59,SFA,3.5,1300
1618,2021-07-27,13:50:36,IHB,1.39,298
1619,2021-07-27,13:49:30,NEOH,26,30
1620,2021-07-27,13:48:55,SFA,3.48,300
1621,2021-07-27,13:36:13,BREF,2.19,5000
1622,2021-07-27,13:32:14,HES,5.8,124
1623,2021-07-27,13:26:49,CHIM,0.844,4207
1624,2021-07-27,13:25:16,CCB,0.985,5250
1625,2021-07-27,13:23:35,SFT,5.1,1350
1626,2021-07-27,13:23:35,SFT,5.1,100
1627,2021-07-27,13:23:35,SFT,5.1,100
1628,2021-07-27,13:20:45,SFA,3.48,2200
1629,2021-07-27,13:20:44,SFA,3.48,200
1630,2021-07-27,13:20:44,SFA,3.48,600
1631,2021-07-27,13:20:33,CCB,1,58
1632,2021-07-27,13:20:33,CCB,0.995,592
1633,2021-07-27,13:18:31,MONB,6,370
1634,2021-07-27,13:16:37,ATER,2.57,200
1635,2021-07-27,13:10:09,CCB,0.995,400
1636,2021-07-27,13:07:26,SFA,3.48,400
1637,2021-07-27,12:50:56,SFA,3.48,2000
1638,2021-07-27,12:50:56,SFA,3.48,1500
1639,2021-07-27,12:47:34,ATER,2.59,160
1640,2021-07-27,12:47:26,HVAR,40,13
1641,2021-07-27,12:46:46,HES,5.8,1700
1642,2021-07-27,12:45:28,ATER,2.58,277
1643,2021-07-27,12:41:16,DUH,6.66,24
1644,2021-07-27,12:41:12,ALB,34,30
1645,2021-07-27,12:41:12,ALB,34,5
1646,2021-07-27,12:41:12,ALB,34,28
1647,2021-07-27,12:40:34,ATER,2.55,10
1648,2021-07-27,12:40:08,EAC,1.07,1472
1649,2021-07-27,12:39:43,EAC,1.07,24793
1650,2021-07-27,12:39:43,EAC,1.07,260
1651,2021-07-27,12:39:43,EAC,1.07,700
1652,2021-07-27,12:39:43,EAC,1.07,4247
1653,2021-07-27,12:39:00,CHIM,0.842,2808
1654,2021-07-27,12:39:00,CHIM,0.842,8049
1655,2021-07-27,12:39:00,CHIM,0.844,1620
1656,2021-07-27,12:39:00,CHIM,0.85,76
1657,2021-07-27,12:37:59,CHIM,0.862,1000
1658,2021-07-27,12:35:58,CHIM,0.86,1000
1659,2021-07-27,12:34:39,ZHBG,0.136,4400
1660,2021-07-27,12:34:39,ZHBG,0.137,5600
1661,2021-07-27,12:30:04,CCB,0.995,370
1662,2021-07-27,12:10:00,DUH,6.8,75
1663,2021-07-27,12:04:18,IHB,1.39,200
1664,2021-07-27,12:02:27,ALB,34,20
1665,2021-07-27,11:52:54,CCB,0.995,380
1666,2021-07-27,11:51:57,ALB,34,200
1667,2021-07-27,11:51:36,SPH,7.3,45
1668,2021-07-27,11:50:58,FIB,1.7,2439
1669,2021-07-27,11:46:34,FIB,1.7,300
1670,2021-07-27,11:46:12,FIB,1.7,2800
1671,2021-07-27,11:45:37,FIB,1.7,397
1672,2021-07-27,11:44:35,HVAR,40,5
1673,2021-07-27,11:44:35,HVAR,40,5
1674,2021-07-27,11:36:39,EUBG,2.52,10000
1675,2021-07-27,11:25:37,T57,3.58,120
1676,2021-07-27,11:11:52,DUH,6.68,50
1677,2021-07-27,11:11:52,DUH,6.68,150
1678,2021-07-27,11:09:22,CCB,0.995,400
1679,2021-07-27,11:06:49,SFA,3.48,1450
1680,2021-07-27,10:48:53,ATER,2.55,520
1681,2021-07-27,10:40:02,SFT,5.1,612
1682,2021-07-27,10:31:32,SFT,5.1,200
1683,2021-07-27,10:28:41,FIB,1.7,196
1684,2021-07-27,10:24:49,FIB,1.7,500
1685,2021-07-27,10:23:37,FIB,1.7,315
1686,2021-07-27,10:22:55,FIB,1.7,500
1687,2021-07-27,10:21:10,FIB,1.7,562
1688,2021-07-27,10:18:14,FIB,1.7,330
1689,2021-07-27,10:17:23,HVAR,40,10
1690,2021-07-27,10:13:11,SFT,5.1,800
1691,2021-07-27,10:12:00,EMKA,3.5,200
1692,2021-07-27,10:11:47,SFT,5.1,2000
1693,2021-07-27,10:10:21,CCB,0.995,400
1694,2021-07-27,10:10:20,EAC,1.06,450
1695,2021-07-27,10:10:08,FIB,1.7,150
1696,2021-07-27,10:10:08,FIB,1.7,585
1697,2021-07-27,10:10:08,FIB,1.7,991
1698,2021-07-27,10:10:08,FIB,1.7,14935
1699,2021-07-27,10:10:06,SFA,3.48,200
1700,2021-07-27,10:10:06,SFA,3.48,300
1701,2021-07-28,17:00:28,EAC,1.08,102
1702,2021-07-28,17:00:27,CHIM,0.854,700
1703,2021-07-28,17:00:05,CCB,1,375
1704,2021-07-28,16:52:52,MONB,6,100
1705,2021-07-28,16:39:15,BREF,2.28,200
1706,2021-07-28,16:36:16,HIKA,3,10
1707,2021-07-28,16:34:39,TBS,13.5,200
1708,2021-07-28,16:34:16,TBS,13.5,145
1709,2021-07-28,16:34:16,TBS,13.5,74
1710,2021-07-28,16:34:16,TBS,13.5,35
1711,2021-07-28,16:32:51,NEOH,26.4,22
1712,2021-07-28,16:32:37,MONB,6,150
1713,2021-07-28,16:32:31,MONB,6,100
1714,2021-07-28,16:26:26,GR6,1.47,1000
1715,2021-07-28,16:21:06,BREF,2.3,310
1716,2021-07-28,16:19:15,EUBG,2.6,52
1717,2021-07-28,16:16:57,TBS,13.6,240
1718,2021-07-28,16:16:57,TBS,13.6,160
1719,2021-07-28,16:09:59,ATER,2.59,37
1720,2021-07-28,16:09:52,CHIM,0.856,552
1721,2021-07-28,16:09:42,IHB,1.51,2000
1722,2021-07-28,16:09:42,IHB,1.52,1000
1723,2021-07-28,16:09:42,IHB,1.52,100
1724,2021-07-28,16:09:25,EUBG,2.6,2500
1725,2021-07-28,16:08:02,CCB,1,58
1726,2021-07-28,16:08:02,CCB,1,392
1727,2021-07-28,16:07:56,CCB,1,500
1728,2021-07-28,16:03:47,HSOF,3.44,75
1729,2021-07-28,16:00:54,HSOF,3.46,75
1730,2021-07-28,15:56:57,SFA,3.52,150
1731,2021-07-28,15:55:27,SFT,5.15,100
1732,2021-07-28,15:35:51,EMKA,3.66,140
1733,2021-07-28,15:35:14,TBS,13.5,40
1734,2021-07-28,15:29:17,FIB,1.71,360
1735,2021-07-28,15:23:06,CCB,1,108
1736,2021-07-28,15:23:06,CCB,1,292
1737,2021-07-28,15:22:56,CCB,1,500
1738,2021-07-28,15:16:44,DUH,6.7,200
1739,2021-07-28,15:14:23,HVAR,40.2,10
1740,2021-07-28,15:13:24,IHB,1.55,1000
1741,2021-07-28,15:13:24,IHB,1.55,150
1742,2021-07-28,15:11:37,KBG,8.25,60
1743,2021-07-28,15:09:49,GR6,1.47,350
1744,2021-07-28,15:07:26,BREF,2.28,1000
1745,2021-07-28,15:01:06,IHB,1.6,200
1746,2021-07-28,14:58:43,BREF,2.26,790
1747,2021-07-28,14:58:43,BREF,2.26,211
1748,2021-07-28,14:56:51,CCB,1,370
1749,2021-07-28,14:55:03,BREF,2.25,500
1750,2021-07-28,14:55:03,BREF,2.25,500
1751,2021-07-28,14:49:12,SFT,5.15,362
1752,2021-07-28,14:49:12,SFT,5.15,138
1753,2021-07-28,14:48:00,GR6,1.47,520
1754,2021-07-28,14:45:40,DUH,6.84,10
1755,2021-07-28,14:43:16,IHB,1.55,2500
1756,2021-07-28,14:43:16,IHB,1.55,1000
1757,2021-07-28,14:43:16,IHB,1.54,350
1758,2021-07-28,14:42:50,EUBG,2.6,1000
1759,2021-07-28,14:42:28,MONB,6,500
1760,2021-07-28,14:41:18,EUBG,2.6,40
1761,2021-07-28,14:38:28,DUH,6.84,20
1762,2021-07-28,14:37:55,EUBG,2.6,524
1763,2021-07-28,14:37:55,EUBG,2.58,1000
1764,2021-07-28,14:37:55,EUBG,2.56,476
1765,2021-07-28,14:37:46,IHB,1.54,150
1766,2021-07-28,14:35:00,ATER,2.59,40
1767,2021-07-28,14:26:29,A4L,18.1,59
1768,2021-07-28,14:26:29,A4L,18.1,50
1769,2021-07-28,14:26:29,A4L,18.1,91
1770,2021-07-28,14:24:46,EAC,1.07,3500
1771,2021-07-28,14:23:14,CCB,1,400
1772,2021-07-28,14:17:28,EUBG,2.56,1000
1773,2021-07-28,14:12:21,A4L,18.1,59
1774,2021-07-28,14:10:28,EAC,1.07,935
1775,2021-07-28,14:10:28,EAC,1.07,65
1776,2021-07-28,13:55:09,SGH,0.486,700
1777,2021-07-28,13:48:02,EUBG,2.56,1500
1778,2021-07-28,13:43:33,CCB,1,430
1779,2021-07-28,13:42:05,HES,5.8,1900
1780,2021-07-28,13:33:13,HVAR,40.2,10
1781,2021-07-28,13:30:17,CHIM,0.844,300
1782,2021-07-28,13:29:17,GR6,1.47,528
1783,2021-07-28,13:28:45,MONB,6.05,447
1784,2021-07-28,13:21:26,MONB,6.05,482
1785,2021-07-28,13:10:43,MONB,6.05,476
1786,2021-07-28,13:02:37,MONB,6.05,493
1787,2021-07-28,13:02:17,ATER,2.53,3400
1788,2021-07-28,13:02:17,ATER,2.54,300
1789,2021-07-28,13:02:17,ATER,2.54,2500
1790,2021-07-28,13:02:17,ATER,2.54,200
1791,2021-07-28,13:02:17,ATER,2.55,900
1792,2021-07-28,13:02:17,ATER,2.55,5000
1793,2021-07-28,13:02:17,ATER,2.55,200
1794,2021-07-28,13:02:17,ATER,2.55,2000
1795,2021-07-28,13:02:17,ATER,2.55,1000
1796,2021-07-28,13:02:17,ATER,2.55,300
1797,2021-07-28,13:02:17,ATER,2.56,300
1798,2021-07-28,13:02:17,ATER,2.56,1600
1799,2021-07-28,13:02:17,ATER,2.57,300
1800,2021-07-28,12:58:38,CCB,1,410
1801,2021-07-28,12:56:24,IHB,1.5,2000
1802,2021-07-28,12:56:24,IHB,1.5,125
1803,2021-07-28,12:56:24,IHB,1.5,725
1804,2021-07-28,12:46:13,IHB,1.5,400
1805,2021-07-28,12:43:05,IHB,1.5,875
1806,2021-07-28,12:43:05,IHB,1.5,125
1807,2021-07-28,12:36:21,ATER,2.59,270
1808,2021-07-28,12:33:36,T57,3.46,1106
1809,2021-07-28,12:33:36,T57,3.48,100
1810,2021-07-28,12:33:36,T57,3.48,294
1811,2021-07-28,12:31:07,ATER,2.59,228
1812,2021-07-28,12:19:50,CCB,1,380
1813,2021-07-28,12:10:57,GR6,1.47,4765
1814,2021-07-28,12:10:57,GR6,1.47,700
1815,2021-07-28,12:10:57,GR6,1.47,483
1816,2021-07-28,12:07:08,HVAR,40.2,3
1817,2021-07-28,12:07:08,HVAR,40,12
1818,2021-07-28,12:06:39,MONB,6.05,44
1819,2021-07-28,12:06:39,MONB,6.05,412
1820,2021-07-28,12:05:34,BREF,2.26,15
1821,2021-07-28,12:02:15,ATER,2.6,197
1822,2021-07-28,12:02:15,ATER,2.59,228
1823,2021-07-28,12:02:15,ATER,2.58,50
1824,2021-07-28,11:58:35,A4L,18.1,100
1825,2021-07-28,11:52:48,FZLS,18,276
1826,2021-07-28,11:52:46,FZLS,18,200
1827,2021-07-28,11:52:40,FZLS,18,750
1828,2021-07-28,11:52:37,FZLS,18,214
1829,2021-07-28,11:48:38,CCB,1,500
1830,2021-07-28,11:46:03,FZLS,18,35
1831,2021-07-28,11:45:31,MONB,6.05,70
1832,2021-07-28,11:41:13,A4L,18.1,145
1833,2021-07-28,11:40:00,ATER,2.58,350
1834,2021-07-28,11:39:59,EMKA,3.58,150
1835,2021-07-28,11:39:09,SFA,3.48,600
1836,2021-07-28,11:39:09,SFA,3.48,4700
1837,2021-07-28,11:39:09,SFA,3.5,200
1838,2021-07-28,11:38:33,EMKA,3.58,50
1839,2021-07-28,11:37:29,ALB,34.4,3
1840,2021-07-28,11:35:48,SGH,0.484,770
1841,2021-07-28,11:35:07,A4L,18.1,5
1842,2021-07-28,11:35:07,A4L,18.1,65
1843,2021-07-28,11:33:10,MONB,6.05,1135
1844,2021-07-28,11:30:59,MONB,6.05,150
1845,2021-07-28,11:30:59,MONB,6.05,165
1846,2021-07-28,11:30:59,MONB,6,350
1847,2021-07-28,11:30:08,NEOH,26.4,2
1848,2021-07-28,11:27:47,HIKA,3,333
1849,2021-07-28,11:25:37,HIKA,3,500
1850,2021-07-28,11:22:56,ALCM,9.5,330
1851,2021-07-28,11:22:20,ALB,34.4,180
1852,2021-07-28,11:16:40,DUH,6.68,76
1853,2021-07-28,11:16:29,CCB,1,380
1854,2021-07-28,11:11:08,BREF,2.25,302
1855,2021-07-28,11:11:08,BREF,2.25,500
1856,2021-07-28,11:11:08,BREF,2.25,500
1857,2021-07-28,11:11:08,BREF,2.24,200
1858,2021-07-28,11:11:08,BREF,2.22,46
1859,2021-07-28,11:08:52,HES,5.85,238
1860,2021-07-28,11:03:00,TBS,13.6,300
1861,2021-07-28,11:03:00,TBS,13.6,40
1862,2021-07-28,11:02:45,HES,5.75,68
1863,2021-07-28,10:54:08,BREF,2.22,250
1864,2021-07-28,10:52:46,ATER,2.57,1000
1865,2021-07-28,10:52:46,ATER,2.57,200
1866,2021-07-28,10:51:17,GAMZ,3.8,10
1867,2021-07-28,10:42:05,HVAR,40,3
1868,2021-07-28,10:42:05,HVAR,40,12
1869,2021-07-28,10:36:49,DUH,6.86,60
1870,2021-07-28,10:34:09,DUH,6.68,305
1871,2021-07-28,10:32:52,CHIM,0.842,500
1872,2021-07-28,10:32:44,A4L,18.2,226
1873,2021-07-28,10:32:44,A4L,18.1,86
1874,2021-07-28,10:32:44,A4L,18,200
1875,2021-07-28,10:31:59,DUH,6.68,200
1876,2021-07-28,10:28:55,DUH,6.68,300
1877,2021-07-28,10:28:55,DUH,6.68,195
1878,2021-07-28,10:26:32,DUH,6.68,105
1879,2021-07-28,10:26:32,DUH,6.7,45
1880,2021-07-28,10:26:30,DUH,6.7,50
1881,2021-07-28,10:24:38,EAC,1.07,935
1882,2021-07-28,10:23:05,SFT,5.05,60
1883,2021-07-28,10:21:41,SFT,5.1,140
1884,2021-07-28,10:20:49,SFT,5.1,160
1885,2021-07-28,10:20:49,SFT,5.1,40
1886,2021-07-28,10:19:05,MSH,7.5,40
1887,2021-07-28,10:14:16,ATER,2.55,300
1888,2021-07-28,10:13:32,EUBG,2.56,215
1889,2021-07-28,10:12:55,CCB,1,400
1890,2021-07-28,10:10:14,A4L,17.9,50
1891,2021-07-28,10:10:10,MSH,7.75,60
1892,2021-07-29,17:00:10,CCB,1.04,400
1893,2021-07-29,17:00:07,ATER,2.58,250
1894,2021-07-29,16:54:24,ALCM,9.6,1200
1895,2021-07-29,16:50:38,KBG,8.3,50
1896,2021-07-29,16:50:32,EMKA,3.58,110
1897,2021-07-29,16:49:04,EAC,1.07,2400
1898,2021-07-29,16:40:38,CHIM,0.862,69
1899,2021-07-29,16:36:36,CHIM,0.856,800
1900,2021-07-29,16:36:36,CHIM,0.856,133
1901,2021-07-29,16:32:02,IHB,1.7,600
1902,2021-07-29,16:26:42,SGH,0.51,200
1903,2021-07-29,16:10:41,SGH,0.505,1417
1904,2021-07-29,16:07:41,TBS,13.5,25
1905,2021-07-29,16:07:41,TBS,13.5,465
1906,2021-07-29,16:07:25,GR6,1.46,106
1907,2021-07-29,16:06:52,IHB,1.65,200
1908,2021-07-29,16:06:52,IHB,1.65,9800
1909,2021-07-29,16:06:01,TBS,13.5,335
1910,2021-07-29,16:06:01,TBS,13.5,37
1911,2021-07-29,16:06:01,TBS,13.5,83
1912,2021-07-29,16:05:03,CCB,1.04,450
1913,2021-07-29,16:04:21,GR6,1.47,100
1914,2021-07-29,16:04:21,GR6,1.47,4
1915,2021-07-29,16:03:27,CHIM,0.846,300
1916,2021-07-29,16:00:16,T57,3.6,100
1917,2021-07-29,15:54:23,SGH,0.5,5500
1918,2021-07-29,15:41:31,EUBG,2.54,400
1919,2021-07-29,15:33:40,KBG,8.3,171
1920,2021-07-29,15:24:33,A4L,17.9,350
1921,2021-07-29,15:24:33,A4L,17.9,150
1922,2021-07-29,15:24:32,HCEN,33.8,25
1923,2021-07-29,15:24:21,MONB,6.15,100
1924,2021-07-29,15:23:57,NEOH,27,21
1925,2021-07-29,15:19:26,NEOH,27,9
1926,2021-07-29,15:19:26,NEOH,27,40
1927,2021-07-29,15:12:31,DUH,6.9,2037
1928,2021-07-29,15:12:31,DUH,6.9,150
1929,2021-07-29,15:10:48,A4L,18,150
1930,2021-07-29,15:06:25,KBG,8.3,14
1931,2021-07-29,15:04:41,SGH,0.498,500
1932,2021-07-29,14:59:05,NEOH,27.6,16
1933,2021-07-29,14:58:44,NEOH,26.8,50
1934,2021-07-29,14:58:44,NEOH,27,100
1935,2021-07-29,14:58:44,NEOH,27,40
1936,2021-07-29,14:58:44,NEOH,27,10
1937,2021-07-29,14:54:08,CCB,1.04,320
1938,2021-07-29,14:53:30,CCB,1.04,600
1939,2021-07-29,14:53:00,NEOH,27.4,20
1940,2021-07-29,14:53:00,NEOH,27.4,50
1941,2021-07-29,14:50:12,MONB,6.15,338
1942,2021-07-29,14:50:12,MONB,6.15,162
1943,2021-07-29,14:48:59,A4L,18.1,175
1944,2021-07-29,14:46:14,CHIM,0.856,600
1945,2021-07-29,14:46:14,CHIM,0.854,600
1946,2021-07-29,14:45:57,NEOH,27.4,50
1947,2021-07-29,14:45:48,FIB,1.7,266
1948,2021-07-29,14:45:48,FIB,1.71,334
1949,2021-07-29,14:45:45,A4L,18,77
1950,2021-07-29,14:45:45,A4L,17.9,71
1951,2021-07-29,14:44:11,CCB,1.04,50
1952,2021-07-29,14:44:11,CCB,1.03,570
1953,2021-07-29,14:39:09,TBS,13.6,246
1954,2021-07-29,14:30:06,A4L,17.9,11
1955,2021-07-29,14:23:53,NEOH,27.8,30
1956,2021-07-29,14:21:05,MONB,6.1,500
1957,2021-07-29,14:21:05,MONB,6.1,164
1958,2021-07-29,14:21:05,MONB,6.1,440
1959,2021-07-29,14:10:33,TBS,13.5,417
1960,2021-07-29,14:10:33,TBS,13.5,120
1961,2021-07-29,14:10:33,TBS,13.5,100
1962,2021-07-29,14:10:33,TBS,13.5,100
1963,2021-07-29,14:06:58,FIB,1.71,9416
1964,2021-07-29,14:05:30,NEOH,27.8,15
1965,2021-07-29,14:02:54,FIB,1.71,234
1966,2021-07-29,14:01:29,NEOH,28,14
1967,2021-07-29,14:01:29,NEOH,27.8,46
1968,2021-07-29,14:00:44,ATER,2.53,26
1969,2021-07-29,14:00:44,ATER,2.53,200
1970,2021-07-29,14:00:44,ATER,2.55,15
1971,2021-07-29,14:00:44,ATER,2.55,200
1972,2021-07-29,14:00:44,ATER,2.56,5000
1973,2021-07-29,14:00:44,ATER,2.57,300
1974,2021-07-29,14:00:40,CCB,1.03,500
1975,2021-07-29,13:57:56,NEOH,27.8,20
1976,2021-07-29,13:56:44,TBS,13.6,140
1977,2021-07-29,13:54:31,NEOH,26.6,30
1978,2021-07-29,13:50:43,NEOH,27.4,35
1979,2021-07-29,13:50:29,NEOH,27.4,100
1980,2021-07-29,13:50:22,NEOH,27.2,100
1981,2021-07-29,13:50:22,NEOH,27.2,27
1982,2021-07-29,13:49:57,NEOH,27,140
1983,2021-07-29,13:49:57,NEOH,27,37
1984,2021-07-29,13:49:49,NEOH,26.8,27
1985,2021-07-29,13:49:49,NEOH,26.8,80
1986,2021-07-29,13:49:44,NEOH,26.6,21
1987,2021-07-29,13:49:20,NEOH,26.6,6
1988,2021-07-29,13:49:20,NEOH,26.6,28
1989,2021-07-29,13:49:20,NEOH,26.4,26
1990,2021-07-29,13:47:36,CCB,1.03,390
1991,2021-07-29,13:38:49,FZLS,19.4,80
1992,2021-07-29,13:37:39,FZLS,19.4,50
1993,2021-07-29,13:36:38,SGH,0.498,500
1994,2021-07-29,13:27:44,ATER,2.59,150
1995,2021-07-29,13:25:51,A4L,17.9,18
1996,2021-07-29,13:23:19,DUH,6.76,44
1997,2021-07-29,13:17:10,FZLS,19.4,300
1998,2021-07-29,13:16:59,FZLS,19.4,300
1999,2021-07-29,13:15:44,IHB,1.64,877
2000,2021-07-29,12:56:11,T57,3.44,500
2001,2021-07-29,12:55:45,CCB,1.03,410
2002,2021-07-29,12:51:18,IHB,1.64,1400
2003,2021-07-29,12:51:00,FZLS,19,400
2004,2021-07-29,12:50:50,FZLS,19,60
2005,2021-07-29,12:49:34,FZLS,19,700
2006,2021-07-29,12:48:01,FZLS,19,160
2007,2021-07-29,12:47:40,EAC,1.07,2859
2008,2021-07-29,12:47:40,BREF,2.3,1000
2009,2021-07-29,12:46:22,FZLS,19,100
2010,2021-07-29,12:46:01,BREF,2.3,1000
2011,2021-07-29,12:45:42,FZLS,19,40
2012,2021-07-29,12:45:37,HIKA,3,200
2013,2021-07-29,12:44:16,TBS,13.6,5
2014,2021-07-29,12:40:27,FZLS,19,130
2015,2021-07-29,12:40:18,CHIM,0.854,300
2016,2021-07-29,12:38:48,ELHM,0.85,350
2017,2021-07-29,12:38:48,ELHM,0.85,600
2018,2021-07-29,12:38:48,ELHM,0.85,400
2019,2021-07-29,12:38:30,FZLS,19,50
2020,2021-07-29,12:37:57,FZLS,19,160
2021,2021-07-29,12:37:48,ELHM,0.835,356
2022,2021-07-29,12:37:48,ELHM,0.835,588
2023,2021-07-29,12:37:42,FZLS,19,50
2024,2021-07-29,12:36:13,FZLS,19,50
2025,2021-07-29,12:36:13,FZLS,19,50
2026,2021-07-29,12:36:13,FZLS,19.2,50
2027,2021-07-29,12:29:02,CCB,1.03,2500
2028,2021-07-29,12:19:43,MSH,7.65,298
2029,2021-07-29,12:16:22,IHB,1.64,1400
2030,2021-07-29,12:15:46,ODES,103,10
2031,2021-07-29,12:12:04,CCB,1.03,380
2032,2021-07-29,12:11:21,A4L,18,200
2033,2021-07-29,12:10:56,FZLS,20.2,55
2034,2021-07-29,12:07:36,IHB,1.63,1980
2035,2021-07-29,12:05:15,BREF,2.3,2160
2036,2021-07-29,12:05:15,BREF,2.3,190
2037,2021-07-29,12:05:01,SPH,7.3,18
2038,2021-07-29,12:02:33,MONB,6.1,30
2039,2021-07-29,12:01:51,TBS,13.6,25
2040,2021-07-29,11:59:19,EUBG,2.6,60
2041,2021-07-29,11:57:04,TBS,13.6,360
2042,2021-07-29,11:55:52,TXIM,3,100
2043,2021-07-29,11:52:26,DUH,6.72,300
2044,2021-07-29,11:52:15,SFA,3.48,212
2045,2021-07-29,11:52:15,SFA,3.48,3144
2046,2021-07-29,11:52:15,SFA,3.48,200
2047,2021-07-29,11:52:15,SFA,3.48,1944
2048,2021-07-29,11:50:15,TBS,13.6,100
2049,2021-07-29,11:49:33,MONB,6.1,30
2050,2021-07-29,11:48:30,FZLS,20,35
2051,2021-07-29,11:47:49,HES,5.8,617
2052,2021-07-29,11:46:27,FZLS,20,40
2053,2021-07-29,11:46:27,SPH,7.3,90
2054,2021-07-29,11:46:27,SPH,7.3,11
2055,2021-07-29,11:46:27,SPH,7.3,900
2056,2021-07-29,11:46:27,SPH,7.3,500
2057,2021-07-29,11:46:27,SPH,7.3,181
2058,2021-07-29,11:44:49,SFA,3.48,359
2059,2021-07-29,11:44:49,SFA,3.48,41
2060,2021-07-29,11:44:49,SFA,3.48,600
2061,2021-07-29,11:43:28,EMKA,3.58,2500
2062,2021-07-29,11:43:28,EMKA,3.58,1000
2063,2021-07-29,11:42:53,EAC,1.07,1200
2064,2021-07-29,11:41:54,ALCM,9.6,75
2065,2021-07-29,11:40:49,SGH,0.484,3770
2066,2021-07-29,11:40:49,SGH,0.484,230
2067,2021-07-29,11:40:37,ODES,101,9
2068,2021-07-29,11:40:37,ODES,102,9
2069,2021-07-29,11:39:55,FZLS,18.8,635
2070,2021-07-29,11:39:40,FZLS,18.8,200
2071,2021-07-29,11:38:56,A4L,18,23
2072,2021-07-29,11:38:45,FZLS,18.8,700
2073,2021-07-29,11:37:59,FZLS,18.8,325
2074,2021-07-29,11:37:59,FZLS,20,30
2075,2021-07-29,11:33:59,EUBG,2.6,1950
2076,2021-07-29,11:33:11,EUBG,2.58,10000
2077,2021-07-29,11:29:28,CCB,1.03,50
2078,2021-07-29,11:29:28,CCB,1.02,500
2079,2021-07-29,11:22:34,TBS,13.6,71
2080,2021-07-29,11:20:15,ODES,102,11
2081,2021-07-29,11:20:15,ODES,102,5
2082,2021-07-29,11:13:25,A4L,18.1,25
2083,2021-07-29,11:11:46,ATER,2.59,205
2084,2021-07-29,11:05:36,HVAR,40.2,10
2085,2021-07-29,11:02:24,ATER,2.59,425
2086,2021-07-29,10:57:30,CCB,1.03,200
2087,2021-07-29,10:49:12,KBG,8.3,2
2088,2021-07-29,10:46:52,DUH,6.7,200
2089,2021-07-29,10:45:17,TBS,13.6,100
2090,2021-07-29,10:40:43,SFT,5.15,250
2091,2021-07-29,10:37:20,BREF,2.25,1000
2092,2021-07-29,10:35:45,KBG,8.2,29
2093,2021-07-29,10:35:00,CCB,1.01,675
2094,2021-07-29,10:33:39,EMKA,3.58,300
2095,2021-07-29,10:24:47,IHB,1.63,20
2096,2021-07-29,10:24:32,GR6,1.47,1650
2097,2021-07-29,10:21:38,CCB,1.01,325
2098,2021-07-29,10:21:38,CCB,1,125
2099,2021-07-29,10:19:50,A4L,18,300
2100,2021-07-29,10:19:07,FZLS,20.2,50
2101,2021-07-29,10:15:47,TBS,13.6,50
2102,2021-07-29,10:14:30,SFA,3.48,300
2103,2021-07-29,10:14:12,TBS,13.6,44
2104,2021-07-29,10:12:43,TBS,13.6,100
2105,2021-07-29,10:12:27,TBS,13.6,16
2106,2021-07-29,10:11:59,TBS,13.6,23
2107,2021-07-29,10:11:59,TBS,13.6,17
2108,2021-07-29,10:10:19,CCB,1,400
2109,2021-07-29,10:10:13,TBS,13.6,52
2110,2021-07-29,10:10:13,TBS,13.6,63
2111,2021-07-29,10:10:13,TBS,13.6,100
2112,2021-07-29,10:10:05,KBG,8.25,9
2113,2021-07-30,17:00:19,EUBG,2.5,500
2114,2021-07-30,17:00:19,EUBG,2.5,625
2115,2021-07-30,17:00:06,CCB,1.05,5
2116,2021-07-30,17:00:06,CCB,1.05,345
2117,2021-07-30,16:50:47,ATER,2.64,800
2118,2021-07-30,16:45:40,EAC,1.08,75
2119,2021-07-30,16:45:40,EAC,1.08,925
2120,2021-07-30,16:39:26,FZLS,19.2,50
2121,2021-07-30,16:38:54,HIKA,3.02,350
2122,2021-07-30,16:34:59,ALCM,9.25,100
2123,2021-07-30,16:34:19,HES,5.85,100
2124,2021-07-30,16:23:03,HCEN,34.2,25
2125,2021-07-30,16:20:32,CCB,1.05,500
2126,2021-07-30,16:15:27,TBS,13.6,200
2127,2021-07-30,16:15:27,HES,5.9,38
2128,2021-07-30,16:13:40,SNRG,0.75,14
2129,2021-07-30,16:04:32,TBS,13.5,150
2130,2021-07-30,16:03:32,BREF,2.3,500
2131,2021-07-30,15:59:40,T57,3.6,213
2132,2021-07-30,15:53:03,ATER,2.64,175
2133,2021-07-30,15:53:03,ATER,2.64,25
2134,2021-07-30,15:46:19,SNRG,0.655,3
2135,2021-07-30,15:44:21,HIKA,3.02,300
2136,2021-07-30,15:43:21,CCB,1.05,400
2137,2021-07-30,15:40:40,BREF,2.28,1560
2138,2021-07-30,15:39:10,EUBG,2.52,9700
2139,2021-07-30,15:38:58,EUBG,2.52,300
2140,2021-07-30,15:37:11,ALCM,9.65,1125
2141,2021-07-30,15:23:49,BREF,2.28,1000
2142,2021-07-30,15:15:09,EAC,1.08,1400
2143,2021-07-30,15:01:01,BREF,2.28,4000
2144,2021-07-30,15:00:17,ELHM,0.79,100
2145,2021-07-30,14:55:39,HES,5.85,700
2146,2021-07-30,14:52:57,CCB,1.05,360
2147,2021-07-30,14:48:54,A4L,17.7,189
2148,2021-07-30,14:44:08,A4L,17.7,11
2149,2021-07-30,14:44:08,A4L,17.7,28
2150,2021-07-30,14:44:08,A4L,17.7,40
2151,2021-07-30,14:44:08,A4L,17.7,50
2152,2021-07-30,14:31:31,CCB,1.05,500
2153,2021-07-30,14:30:03,NEOH,27.2,18
2154,2021-07-30,14:27:26,IHB,1.61,6000
2155,2021-07-30,14:26:22,MONB,6.1,1800
2156,2021-07-30,14:22:54,IHB,1.61,1000
2157,2021-07-30,14:18:39,MONB,6.15,231
2158,2021-07-30,14:15:20,EAC,1.07,1000
2159,2021-07-30,14:05:22,CCB,1.05,390
2160,2021-07-30,13:56:08,HES,5.85,122
2161,2021-07-30,13:53:55,SPH,7.4,46
2162,2021-07-30,13:53:55,SPH,7.35,50
2163,2021-07-30,13:53:04,ALCM,9.65,75
2164,2021-07-30,13:43:21,EMKA,3.6,750
2165,2021-07-30,13:36:33,SFA,3.48,4212
2166,2021-07-30,13:36:33,SFA,3.48,1288
2167,2021-07-30,13:35:39,CHIM,0.868,1972
2168,2021-07-30,13:35:39,CHIM,0.868,1000
2169,2021-07-30,13:35:39,CHIM,0.868,824
2170,2021-07-30,13:35:39,CHIM,0.866,600
2171,2021-07-30,13:35:39,CHIM,0.866,1945
2172,2021-07-30,13:35:39,CHIM,0.864,1159
2173,2021-07-30,13:35:39,CHIM,0.864,2500
2174,2021-07-30,13:33:45,HES,5.85,122
2175,2021-07-30,13:33:45,HES,5.85,194
2176,2021-07-30,13:30:05,SPH,7.3,786
2177,2021-07-30,13:26:47,EMKA,3.6,1000
2178,2021-07-30,13:26:26,EMKA,3.58,400
2179,2021-07-30,13:26:26,EMKA,3.58,462
2180,2021-07-30,13:25:00,ALCM,9.65,100
2181,2021-07-30,13:24:37,ALB,35,350
2182,2021-07-30,13:23:26,CHIM,0.862,730
2183,2021-07-30,13:21:04,ATER,2.6,71
2184,2021-07-30,13:21:04,ATER,2.6,663
2185,2021-07-30,13:21:04,ATER,2.61,210
2186,2021-07-30,13:21:04,ATER,2.61,175
2187,2021-07-30,13:18:39,FZLS,19.2,100
2188,2021-07-30,13:16:13,CCB,1.05,40
2189,2021-07-30,13:16:13,CCB,1.05,490
2190,2021-07-30,12:57:33,IHB,1.53,496
2191,2021-07-30,12:41:10,CCB,1.05,390
2192,2021-07-30,12:36:57,TBS,13.5,11
2193,2021-07-30,12:23:32,NEOH,27.2,20
2194,2021-07-30,12:09:12,ATER,2.64,235
2195,2021-07-30,12:05:29,NEOH,27.2,7
2196,2021-07-30,12:05:29,NEOH,27.2,36
2197,2021-07-30,12:04:03,ALB,34,29
2198,2021-07-30,12:00:29,ATER,2.64,740
2199,2021-07-30,11:52:43,CCB,1.05,350
2200,2021-07-30,11:51:58,GR6,1.46,4606
2201,2021-07-30,11:51:58,GR6,1.46,3394
2202,2021-07-30,11:48:26,EAC,1.07,1000
2203,2021-07-30,11:45:36,A4L,17.9,50
2204,2021-07-30,11:43:00,NEOH,27,22
2205,2021-07-30,11:35:28,NEOH,27,37
2206,2021-07-30,11:35:17,ATER,2.64,270
2207,2021-07-30,11:34:57,NEOH,27,44
2208,2021-07-30,11:34:18,FIB,1.7,300
2209,2021-07-30,11:34:18,FIB,1.71,400
2210,2021-07-30,11:33:10,ATER,2.64,534
2211,2021-07-30,11:32:26,NEOH,27,86
2212,2021-07-30,11:32:26,NEOH,27,27
2213,2021-07-30,11:32:26,NEOH,27,63
2214,2021-07-30,11:32:11,ATER,2.64,500
2215,2021-07-30,11:29:19,ATER,2.64,191
2216,2021-07-30,11:29:19,ATER,2.64,1675
2217,2021-07-30,11:27:35,ATER,2.64,1675
2218,2021-07-30,11:27:35,ATER,2.64,11360
2219,2021-07-30,11:27:35,ATER,2.64,250
2220,2021-07-30,11:27:35,ATER,2.64,200
2221,2021-07-30,11:27:35,ATER,2.64,500
2222,2021-07-30,11:27:35,ATER,2.64,890
2223,2021-07-30,11:27:35,ATER,2.63,1000
2224,2021-07-30,11:27:35,ATER,2.63,500
2225,2021-07-30,11:27:35,ATER,2.63,727
2226,2021-07-30,11:27:35,ATER,2.63,272
2227,2021-07-30,11:27:35,ATER,2.63,760
2228,2021-07-30,11:09:24,CCB,1.05,410
2229,2021-07-30,11:08:16,EAC,1.07,600
2230,2021-07-30,11:05:46,CCB,1.05,400
2231,2021-07-30,11:05:46,CCB,1.05,100
2232,2021-07-30,11:05:33,IHB,1.63,304
2233,2021-07-30,11:02:31,HVAR,40,200
2234,2021-07-30,11:02:31,HVAR,40,50
2235,2021-07-30,10:51:20,DUH,6.76,50
2236,2021-07-30,10:40:31,A4L,17.9,50
2237,2021-07-30,10:37:46,ALB,34,3
2238,2021-07-30,10:37:23,HVAR,39.8,10
2239,2021-07-30,10:27:07,NEOH,27,20
2240,2021-07-30,10:26:40,NEOH,27,17
2241,2021-07-30,10:25:08,CHIM,0.86,850
2242,2021-07-30,10:24:47,SNRG,0.7,425
2243,2021-07-30,10:24:47,SNRG,0.68,575
2244,2021-07-30,10:22:14,BREF,2.27,600
2245,2021-07-30,10:16:47,CCB,1.05,400
2246,2021-07-30,10:16:37,ELHM,0.795,6000
2247,2021-07-30,10:16:37,ELHM,0.8,1000
2248,2021-07-30,10:16:37,ELHM,0.8,500
2249,2021-07-30,10:16:32,NEOH,27,100
2250,2021-07-30,10:16:32,NEOH,27,50
2251,2021-07-30,10:12:20,CCB,1.04,900
2252,2021-07-30,10:12:20,CCB,1.04,3000
2253,2021-07-30,10:10:24,ATER,2.61,300
2254,2021-07-30,10:10:24,ATER,2.61,165
2255,2021-07-30,10:10:24,ATER,2.61,835
2256,2021-07-30,10:10:24,ATER,2.61,275
2257,2021-07-30,10:10:24,ATER,2.61,545
2258,2021-07-30,10:10:24,ATER,2.61,845
2259,2021-07-30,10:10:06,NEOH,27.6,10
2260,2021-07-30,10:10:01,ALB,35,13
2261,2021-07-30,10:10:01,ALB,35,28
