1,2021-07-19,BG1100003166,17999999,6305759,1016
2,2021-07-19,BG11ALBAAT17,4273126,1278803,77471
3,2021-07-19,BG11ALSUAT14,17952959,1776504,2582
4,2021-07-19,BG1100025052,85110091,52483840,1877
5,2021-07-19,BG1100001053,34641925,25764018,1000
6,2021-07-19,BG1100014973,127129970,21181101,6228
7,2021-07-19,BG1100046066,239646267,53080895,3414
8,2021-07-19,BG1100038980,18736099,12417152,146909
9,2021-07-19,BG1100040101,36629925,26308349,822
10,2021-07-19,BG11ELPABT16,25108410,6618810,1627
11,2021-07-19,BG11EMSEAT19,21699726,4898869,1413
12,2021-07-19,BG1100114062,260500000,57535412,9417
13,2021-07-19,BG1100106050,149084800,16500000,2085
14,2021-07-19,BG11FASIAT18,515000,213250,820
15,2021-07-19,BG1100026985,5347798,3055713,69757
16,2021-07-19,BG1100002184,243608710,43788135,1102
17,2021-07-19,BG1100080982,735910,438192,2516
18,2021-07-19,BG11HIYMAT14,18193752,3673622,1016
19,2021-07-19,BG1100010989,15864544,8981736,26185
20,2021-07-19,BG1100058988,5610437,1807872,13177
21,2021-07-19,BG1100051983,56010597,21599000,4290
22,2021-07-19,BG1100027983,36852997,16532960,1389
23,2021-07-19,BG1100008983,9940391,6666906,37515
24,2021-07-19,BG1100036984,6485897,1982101,13505
25,2021-07-19,BG1100043980,9980925,3392342,30564
26,2021-07-19,BG1100019980,107400643,29025755,53923
27,2021-07-19,BG11LUSTAT13,13168614,2350691,772
28,2021-07-19,BG11LASUAT14,9919410,1211957,1027
29,2021-07-19,BG1100075065,39000000,6788804,1655
30,2021-07-19,BG11MPKAAT18,39445200,9071209,1302
31,2021-07-19,BG11NEDIAT11,2654358,629151,3008
32,2021-07-19,BG11KOVABT17,586642,113619,775
33,2021-07-19,BG11PESOBT13,27312403,2438860,2892
34,2021-07-19,BG11SOSOBT18,134797899,46695735,6679
35,2021-07-19,BG1100086070,34276050,8113764,25613
36,2021-07-19,BG1100032140,59360518,31431825,1034
37,2021-07-19,BG11SVVAAT11,2309561,843144,791
38,2021-07-19,BG1100033981,18358849,7915991,156440
39,2021-07-19,BG1100005971,21000000,12372374,22067
40,2021-07-19,BG1100049078,24200000,5745245,1465
41,2021-07-19,BG1100017190,12500000,2405223,1046
42,2021-07-19,BG11TOSOAT18,5416829,512539,2689
43,2021-07-19,BG1100001921,27995036,11136790,3975
44,2021-07-19,BG11PLPLVT16,1003904,203739,956
45,2021-07-19,BG1100109070,195660287,39151614,1653
46,2021-07-19,BG11ZLVAAT14,6493577,481434,6235
47,2021-07-20,BG1100003166,17999999,6305759,1015
48,2021-07-20,BG11ALBAAT17,4273126,1278803,77471
49,2021-07-20,BG11ALSUAT14,17952959,1776504,2582
50,2021-07-20,BG1100025052,85110091,52483840,1879
51,2021-07-20,BG1100001053,34641925,25764018,1002
52,2021-07-20,BG1100014973,127129970,21181101,6227
53,2021-07-20,BG1100046066,239646267,53080895,3413
54,2021-07-20,BG1100038980,18736099,12417152,146908
55,2021-07-20,BG1100040101,36629925,26308349,822
56,2021-07-20,BG11ELPABT16,25108410,6618810,1626
57,2021-07-20,BG11EMSEAT19,21699726,4898869,1414
58,2021-07-20,BG1100114062,260500000,59882408,9418
59,2021-07-20,BG1100106050,149084800,16500000,2084
60,2021-07-20,BG11FASIAT18,515000,213250,820
61,2021-07-20,BG1100026985,5347798,3055713,69757
62,2021-07-20,BG1100002184,243608710,43788135,1099
63,2021-07-20,BG1100080982,735910,438192,2516
64,2021-07-20,BG11HIYMAT14,18193752,3673622,1016
65,2021-07-20,BG1100010989,15864544,8981736,26185
66,2021-07-20,BG1100058988,5610437,1792312,13177
67,2021-07-20,BG1100051983,56010597,21698400,4290
68,2021-07-20,BG1100027983,36852997,16532960,1389
69,2021-07-20,BG1100008983,9940391,6666906,37514
70,2021-07-20,BG1100036984,6485897,1982101,13505
71,2021-07-20,BG1100043980,9980925,3742342,30564
72,2021-07-20,BG1100019980,107400643,29025755,53923
73,2021-07-20,BG11LUSTAT13,13168614,2350691,772
74,2021-07-20,BG11LASUAT14,9919410,1211957,1027
75,2021-07-20,BG1100075065,39000000,6788804,1653
76,2021-07-20,BG11MPKAAT18,39445200,9071209,1302
77,2021-07-20,BG11NEDIAT11,2654358,629151,3007
78,2021-07-20,BG11KOVABT17,586642,113619,775
79,2021-07-20,BG11PESOBT13,27312403,2438860,2892
80,2021-07-20,BG11SOSOBT18,134797899,46695735,6680
81,2021-07-20,BG1100086070,34276050,8113764,25613
82,2021-07-20,BG1100032140,59360518,31431825,1035
83,2021-07-20,BG11SVVAAT11,2309561,843144,791
84,2021-07-20,BG1100033981,18358849,7915991,156440
85,2021-07-20,BG1100005971,21000000,12372374,22067
86,2021-07-20,BG1100049078,24200000,5745245,1465
87,2021-07-20,BG1100017190,12500000,2405223,1047
88,2021-07-20,BG11TOSOAT18,5416829,512539,2689
89,2021-07-20,BG1100001921,27995036,11136790,3975
90,2021-07-20,BG11PLPLVT16,1003904,203739,956
91,2021-07-20,BG1100109070,195660287,39151614,1653
92,2021-07-20,BG11ZLVAAT14,6493577,481434,6235
93,2021-07-21,BG1100003166,17999999,6305759,1015
94,2021-07-21,BG11ALBAAT17,4273126,1278803,77471
95,2021-07-21,BG11ALSUAT14,17952959,1776504,2582
96,2021-07-21,BG1100025052,85110091,52483840,1879
97,2021-07-21,BG1100001053,34641925,25764018,1002
98,2021-07-21,BG1100014973,127129970,21181101,6227
99,2021-07-21,BG1100046066,239646267,53080895,3413
100,2021-07-21,BG1100038980,18736099,12417152,146908
101,2021-07-21,BG1100040101,36629925,26308349,822
102,2021-07-21,BG11ELPABT16,25108410,6618810,1626
103,2021-07-21,BG11EMSEAT19,21699726,4898869,1414
104,2021-07-21,BG1100114062,260500000,59882408,9418
105,2021-07-21,BG1100106050,149084800,16500000,2084
106,2021-07-21,BG11FASIAT18,515000,213250,820
107,2021-07-21,BG1100026985,5347798,3055713,69757
108,2021-07-21,BG1100002184,243608710,43788135,1099
109,2021-07-21,BG1100080982,735910,438192,2516
110,2021-07-21,BG11HIYMAT14,18193752,3673622,1016
111,2021-07-21,BG1100010989,15864544,8981736,26185
112,2021-07-21,BG1100058988,5610437,1792312,13177
113,2021-07-21,BG1100051983,56010597,21698400,4290
114,2021-07-21,BG1100027983,36852997,16532960,1389
115,2021-07-21,BG1100008983,9940391,6666906,37514
116,2021-07-21,BG1100036984,6485897,1982101,13505
117,2021-07-21,BG1100043980,9980925,3742342,30564
118,2021-07-21,BG1100019980,107400643,29025755,53923
119,2021-07-21,BG11LUSTAT13,13168614,2350691,772
120,2021-07-21,BG11LASUAT14,9919410,1211957,1027
121,2021-07-21,BG1100075065,39000000,6788804,1653
122,2021-07-21,BG11MPKAAT18,39445200,9071209,1302
123,2021-07-21,BG11NEDIAT11,2654358,629151,3007
124,2021-07-21,BG11KOVABT17,586642,113619,775
125,2021-07-21,BG11PESOBT13,27312403,2438860,2892
126,2021-07-21,BG11SOSOBT18,134797899,46695735,6680
127,2021-07-21,BG1100086070,34276050,8113764,25613
128,2021-07-21,BG1100032140,59360518,31431825,1035
129,2021-07-21,BG11SVVAAT11,2309561,843144,791
130,2021-07-21,BG1100033981,18358849,7915991,156440
131,2021-07-21,BG1100005971,21000000,12372374,22067
132,2021-07-21,BG1100049078,24200000,5745245,1465
133,2021-07-21,BG1100017190,12500000,2405223,1047
134,2021-07-21,BG11TOSOAT18,5416829,512539,2689
135,2021-07-21,BG1100001921,27995036,11136790,3975
136,2021-07-21,BG11PLPLVT16,1003904,203739,956
137,2021-07-21,BG1100109070,195660287,39151614,1653
138,2021-07-21,BG11ZLVAAT14,6493577,481434,6235
139,2021-07-22,BG1100003166,17999999,6305759,1014
140,2021-07-22,BG11ALBAAT17,4273126,1278803,77471
141,2021-07-22,BG11ALSUAT14,17952959,1776504,2582
142,2021-07-22,BG1100025052,85110091,52483840,1878
143,2021-07-22,BG1100001053,34641925,25764018,1002
144,2021-07-22,BG1100014973,127129970,21181101,6227
145,2021-07-22,BG1100046066,239646267,53080895,3413
146,2021-07-22,BG1100038980,18736099,12416457,146908
147,2021-07-22,BG1100040101,36629925,26308349,822
148,2021-07-22,BG11ELPABT16,25108410,6618810,1626
149,2021-07-22,BG11EMSEAT19,21699726,4898869,1414
150,2021-07-22,BG1100114062,260500000,61642408,9416
151,2021-07-22,BG1100106050,149084800,16500000,2084
152,2021-07-22,BG11FASIAT18,515000,213250,819
153,2021-07-22,BG1100026985,5347798,3055713,69757
154,2021-07-22,BG1100002184,243608710,43788135,1099
155,2021-07-22,BG1100080982,735910,438192,2516
156,2021-07-22,BG11HIYMAT14,18193752,3673622,1016
157,2021-07-22,BG1100010989,15864544,8981736,26184
158,2021-07-22,BG1100058988,5610437,1808162,13177
159,2021-07-22,BG1100051983,56010597,21698400,4290
160,2021-07-22,BG1100027983,36852997,16532960,1390
161,2021-07-22,BG1100008983,9940391,6666906,37513
162,2021-07-22,BG1100036984,6485897,1982101,13504
163,2021-07-22,BG1100043980,9980925,3742342,30564
164,2021-07-22,BG1100019980,107400643,29025755,53923
165,2021-07-22,BG11LUSTAT13,13168614,2350691,772
166,2021-07-22,BG11LASUAT14,9919410,1211957,1027
167,2021-07-22,BG1100075065,39000000,6788804,1653
168,2021-07-22,BG11MPKAAT18,39445200,9071209,1304
169,2021-07-22,BG11NEDIAT11,2654358,629151,3007
170,2021-07-22,BG11KOVABT17,586642,113619,775
171,2021-07-22,BG11PESOBT13,27312403,2438860,2892
172,2021-07-22,BG11SOSOBT18,134797899,46695735,6680
173,2021-07-22,BG1100086070,34276050,8113764,25613
174,2021-07-22,BG1100032140,59360518,31431825,1035
175,2021-07-22,BG11SVVAAT11,2309561,843144,791
176,2021-07-22,BG1100033981,18358849,7915991,156440
177,2021-07-22,BG1100005971,21000000,12372374,22067
178,2021-07-22,BG1100049078,24200000,5745245,1465
179,2021-07-22,BG1100017190,12500000,2405223,1045
180,2021-07-22,BG11TOSOAT18,5416829,512539,2689
181,2021-07-22,BG1100001921,27995036,11136790,3975
182,2021-07-22,BG11PLPLVT16,1003904,203739,956
183,2021-07-22,BG1100109070,195660287,39151614,1653
184,2021-07-22,BG11ZLVAAT14,6493577,481434,6235
185,2021-07-23,BG1100003166,17999999,6305759,1015
186,2021-07-23,BG11ALBAAT17,4273126,1278803,77472
187,2021-07-23,BG11ALSUAT14,17952959,1776504,2582
188,2021-07-23,BG1100025052,85110091,52483840,1877
189,2021-07-23,BG1100001053,34641925,25764018,1002
190,2021-07-23,BG1100014973,127129970,21181101,6226
191,2021-07-23,BG1100046066,239646267,53080895,3411
192,2021-07-23,BG1100038980,18736099,12416398,146907
193,2021-07-23,BG1100040101,36629925,26308349,822
194,2021-07-23,BG11ELPABT16,25108410,6618810,1626
195,2021-07-23,BG11EMSEAT19,21699726,4898869,1414
196,2021-07-23,BG1100114062,260500000,61642408,9414
197,2021-07-23,BG1100106050,149084800,16500000,2081
198,2021-07-23,BG11FASIAT18,515000,213250,819
199,2021-07-23,BG1100026985,5347798,3055713,69757
200,2021-07-23,BG1100002184,243608710,43788135,1100
201,2021-07-23,BG1100080982,735910,438192,2516
202,2021-07-23,BG11HIYMAT14,18193752,3673622,1018
203,2021-07-23,BG1100010989,15864544,8981736,26184
204,2021-07-23,BG1100058988,5610437,1808162,13177
205,2021-07-23,BG1100051983,56010597,22698400,4290
206,2021-07-23,BG1100027983,36852997,16532960,1390
207,2021-07-23,BG1100008983,9940391,6666906,37513
208,2021-07-23,BG1100036984,6485897,1982101,13503
209,2021-07-23,BG1100043980,9980925,3742342,30564
210,2021-07-23,BG1100019980,107400643,29025755,53921
211,2021-07-23,BG11LUSTAT13,13168614,2350691,773
212,2021-07-23,BG11LASUAT14,9919410,1211957,1027
213,2021-07-23,BG1100075065,39000000,6788804,1653
214,2021-07-23,BG11MPKAAT18,39445200,9071209,1304
215,2021-07-23,BG11NEDIAT11,2654358,629151,3007
216,2021-07-23,BG11KOVABT17,586642,113619,775
217,2021-07-23,BG11PESOBT13,27312403,2438860,2892
218,2021-07-23,BG11SOSOBT18,134797899,46695735,6680
219,2021-07-23,BG1100086070,34276050,8113764,25613
220,2021-07-23,BG1100032140,59360518,31431825,1035
221,2021-07-23,BG11SVVAAT11,2309561,843144,791
222,2021-07-23,BG1100033981,18358849,7915991,156440
223,2021-07-23,BG1100005971,21000000,12372374,22066
224,2021-07-23,BG1100049078,24200000,5745245,1465
225,2021-07-23,BG1100017190,12500000,2403856,1044
226,2021-07-23,BG11TOSOAT18,5416829,512539,2689
227,2021-07-23,BG1100001921,27995036,11136790,3975
228,2021-07-23,BG11PLPLVT16,1003904,203739,956
229,2021-07-23,BG1100109070,195660287,39151614,1652
230,2021-07-23,BG11ZLVAAT14,6493577,481434,6235
231,2021-07-26,BG1100003166,17999999,6305759,1016
232,2021-07-26,BG11ALBAAT17,4273126,1278803,77471
233,2021-07-26,BG11ALSUAT14,17952959,1776504,2582
234,2021-07-26,BG1100025052,85110091,52483840,1877
235,2021-07-26,BG1100001053,34641925,25764018,1003
236,2021-07-26,BG1100014973,127129970,21181101,6226
237,2021-07-26,BG1100046066,239646267,53080895,3411
238,2021-07-26,BG1100038980,18736099,12416398,146907
239,2021-07-26,BG1100040101,36629925,26308349,822
240,2021-07-26,BG11ELPABT16,25108410,6618810,1626
241,2021-07-26,BG11EMSEAT19,21699726,4898869,1414
242,2021-07-26,BG1100114062,260500000,61642408,9415
243,2021-07-26,BG1100106050,149084800,16500000,2082
244,2021-07-26,BG11FASIAT18,515000,213250,819
245,2021-07-26,BG1100026985,5347798,3093828,69758
246,2021-07-26,BG1100002184,243608710,43788135,1100
247,2021-07-26,BG1100080982,735910,438192,2516
248,2021-07-26,BG11HIYMAT14,18193752,3673622,1018
249,2021-07-26,BG1100010989,15864544,8981736,26184
250,2021-07-26,BG1100058988,5610437,1808162,13177
251,2021-07-26,BG1100051983,56010597,22698400,4290
252,2021-07-26,BG1100027983,36852997,16532960,1390
253,2021-07-26,BG1100008983,9940391,6666906,37513
254,2021-07-26,BG1100036984,6485897,1971928,13500
255,2021-07-26,BG1100043980,9980925,3742342,30564
256,2021-07-26,BG1100019980,107400643,29025755,53921
257,2021-07-26,BG11LUSTAT13,13168614,2350691,773
258,2021-07-26,BG11LASUAT14,9919410,1211957,1027
259,2021-07-26,BG1100075065,39000000,6788804,1654
260,2021-07-26,BG11MPKAAT18,39445200,9071209,1304
261,2021-07-26,BG11NEDIAT11,2654358,629151,3007
262,2021-07-26,BG11KOVABT17,586642,113619,775
263,2021-07-26,BG11PESOBT13,27312403,2438860,2892
264,2021-07-26,BG11SOSOBT18,134797899,46695735,6680
265,2021-07-26,BG1100086070,34276050,8113764,25614
266,2021-07-26,BG1100032140,59360518,31431825,1035
267,2021-07-26,BG11SVVAAT11,2309561,843144,791
268,2021-07-26,BG1100033981,18358849,7915991,156440
269,2021-07-26,BG1100005971,21000000,12372374,22066
270,2021-07-26,BG1100049078,24200000,5745245,1466
271,2021-07-26,BG1100017190,12500000,2403856,1045
272,2021-07-26,BG11TOSOAT18,5416829,512539,2689
273,2021-07-26,BG1100001921,27995036,11136790,3975
274,2021-07-26,BG11PLPLVT16,1003904,203739,956
275,2021-07-26,BG1100109070,195660287,39151614,1652
276,2021-07-26,BG11ZLVAAT14,6493577,481434,6235
277,2021-07-27,BG1100003166,17999999,6305759,1014
278,2021-07-27,BG11ALBAAT17,4273126,1278803,77470
279,2021-07-27,BG11ALSUAT14,17952959,1776504,2582
280,2021-07-27,BG1100025052,85110091,52483840,1876
281,2021-07-27,BG1100001053,34641925,25764018,1003
282,2021-07-27,BG1100014973,127129970,21181101,6226
283,2021-07-27,BG1100046066,239646267,53080895,3411
284,2021-07-27,BG1100038980,18736099,12416398,146905
285,2021-07-27,BG1100040101,36629925,26308349,822
286,2021-07-27,BG11ELPABT16,25108410,6618810,1626
287,2021-07-27,BG11EMSEAT19,21699726,4898869,1414
288,2021-07-27,BG1100114062,260500000,61642408,9414
289,2021-07-27,BG1100106050,149084800,16500000,2082
290,2021-07-27,BG11FASIAT18,515000,213250,819
291,2021-07-27,BG1100026985,5347798,3093828,69758
292,2021-07-27,BG1100002184,243608710,43788135,1100
293,2021-07-27,BG1100080982,735910,438192,2516
294,2021-07-27,BG11HIYMAT14,18193752,3673622,1017
295,2021-07-27,BG1100010989,15864544,8981736,26184
296,2021-07-27,BG1100058988,5610437,1808162,13177
297,2021-07-27,BG1100051983,56010597,22698400,4290
298,2021-07-27,BG1100027983,36852997,16532960,1390
299,2021-07-27,BG1100008983,9940391,6666906,37513
300,2021-07-27,BG1100036984,6485897,1971928,13500
301,2021-07-27,BG1100043980,9980925,3742342,30564
302,2021-07-27,BG1100019980,107400643,29025755,53921
303,2021-07-27,BG11LUSTAT13,13168614,2350691,773
304,2021-07-27,BG11LASUAT14,9919410,1211957,1027
305,2021-07-27,BG1100075065,39000000,6788804,1655
306,2021-07-27,BG11MPKAAT18,39445200,9071209,1304
307,2021-07-27,BG11NEDIAT11,2654358,629151,3009
308,2021-07-27,BG11KOVABT17,586642,113619,775
309,2021-07-27,BG11PESOBT13,27312403,2438860,2892
310,2021-07-27,BG11SOSOBT18,134797899,46695735,6677
311,2021-07-27,BG1100086070,34276050,8113764,25613
312,2021-07-27,BG1100032140,59360518,31431825,1034
313,2021-07-27,BG11SVVAAT11,2309561,843144,791
314,2021-07-27,BG1100033981,18358849,7915991,156440
315,2021-07-27,BG1100005971,21000000,12372374,22067
316,2021-07-27,BG1100049078,24200000,5745245,1466
317,2021-07-27,BG1100017190,12500000,2402166,1044
318,2021-07-27,BG11TOSOAT18,5416829,512539,2689
319,2021-07-27,BG1100001921,27995036,11136790,3975
320,2021-07-27,BG11PLPLVT16,1003904,203739,956
321,2021-07-27,BG1100109070,195660287,39151614,1652
322,2021-07-27,BG11ZLVAAT14,6493577,481434,6235
323,2021-07-28,BG1100003166,17999999,6305759,1015
324,2021-07-28,BG11ALBAAT17,4273126,1278803,77469
325,2021-07-28,BG11ALSUAT14,17952959,1776504,2582
326,2021-07-28,BG1100025052,85110091,52482252,1873
327,2021-07-28,BG1100001053,34641925,25764018,1003
328,2021-07-28,BG1100014973,127129970,21181101,6224
329,2021-07-28,BG1100046066,239646267,53080895,3408
330,2021-07-28,BG1100038980,18736099,12417085,146903
331,2021-07-28,BG1100040101,36629925,26308349,822
332,2021-07-28,BG11ELPABT16,25108410,6618810,1627
333,2021-07-28,BG11EMSEAT19,21699726,4898869,1413
334,2021-07-28,BG1100114062,260500000,61642408,9413
335,2021-07-28,BG1100106050,149084800,16500000,2082
336,2021-07-28,BG11FASIAT18,515000,213250,820
337,2021-07-28,BG1100026985,5347798,3099451,69758
338,2021-07-28,BG1100002184,243608710,43788135,1100
339,2021-07-28,BG1100080982,735910,438192,2516
340,2021-07-28,BG11HIYMAT14,18193752,3673622,1017
341,2021-07-28,BG1100010989,15864544,8981736,26184
342,2021-07-28,BG1100058988,5610437,1808162,13177
343,2021-07-28,BG1100051983,56010597,22698400,4289
344,2021-07-28,BG1100027983,36852997,16532960,1390
345,2021-07-28,BG1100008983,9940391,6666906,37513
346,2021-07-28,BG1100036984,6485897,1972028,13500
347,2021-07-28,BG1100043980,9980925,4050819,30563
348,2021-07-28,BG1100019980,107400643,29025755,53923
349,2021-07-28,BG11LUSTAT13,13168614,2350691,773
350,2021-07-28,BG11LASUAT14,9919410,1211967,1027
351,2021-07-28,BG1100075065,39000000,6788804,1658
352,2021-07-28,BG11MPKAAT18,39445200,9071209,1304
353,2021-07-28,BG11NEDIAT11,2654358,629151,3007
354,2021-07-28,BG11KOVABT17,586642,113619,775
355,2021-07-28,BG11PESOBT13,27312403,2438860,2892
356,2021-07-28,BG11SOSOBT18,134797899,46695735,6676
357,2021-07-28,BG1100086070,34276050,8113764,25614
358,2021-07-28,BG1100032140,59360518,31431825,1034
359,2021-07-28,BG11SVVAAT11,2309561,843144,791
360,2021-07-28,BG1100033981,18358849,7915991,156439
361,2021-07-28,BG1100005971,21000000,12372374,22065
362,2021-07-28,BG1100049078,24200000,5745245,1465
363,2021-07-28,BG1100017190,12500000,2402166,1045
364,2021-07-28,BG11TOSOAT18,5416829,512539,2689
365,2021-07-28,BG1100001921,27995036,11136790,3975
366,2021-07-28,BG11PLPLVT16,1003904,203739,956
367,2021-07-28,BG1100109070,195660287,39151614,1651
368,2021-07-28,BG11ZLVAAT14,6493577,481434,6235
369,2021-07-29,BG1100003166,17999999,6305759,1016
370,2021-07-29,BG11ALBAAT17,4273126,1278803,77470
371,2021-07-29,BG11ALSUAT14,17952959,1776504,2579
372,2021-07-29,BG1100025052,85110091,52483840,1874
373,2021-07-29,BG1100001053,34641925,25764018,1003
374,2021-07-29,BG1100014973,127129970,21181101,6223
375,2021-07-29,BG1100046066,239646267,53080895,3406
376,2021-07-29,BG1100038980,18736099,12417085,146902
377,2021-07-29,BG1100040101,36629925,26308349,820
378,2021-07-29,BG11ELPABT16,25108410,6618810,1626
379,2021-07-29,BG11EMSEAT19,21699726,4898869,1413
380,2021-07-29,BG1100114062,260500000,85228209,9415
381,2021-07-29,BG1100106050,149084800,16500000,2084
382,2021-07-29,BG11FASIAT18,515000,213250,819
383,2021-07-29,BG1100026985,5347798,3099451,69758
384,2021-07-29,BG1100002184,243608710,43788135,1100
385,2021-07-29,BG1100080982,735910,438192,2516
386,2021-07-29,BG11HIYMAT14,18193752,3673622,1017
387,2021-07-29,BG1100010989,15864544,8981736,26184
388,2021-07-29,BG1100058988,5610437,1808162,13177
389,2021-07-29,BG1100051983,56010597,22698400,4289
390,2021-07-29,BG1100027983,36852997,16532960,1390
391,2021-07-29,BG1100008983,9940391,6666906,37513
392,2021-07-29,BG1100036984,6485897,1972028,13498
393,2021-07-29,BG1100043980,9980925,3415242,30563
394,2021-07-29,BG1100019980,107400643,29025755,53924
395,2021-07-29,BG11LUSTAT13,13168614,2350691,773
396,2021-07-29,BG11LASUAT14,9919410,1211967,1027
397,2021-07-29,BG1100075065,39000000,6788804,1658
398,2021-07-29,BG11MPKAAT18,39445200,9071209,1304
399,2021-07-29,BG11NEDIAT11,2654358,629151,3006
400,2021-07-29,BG11KOVABT17,586642,113619,775
401,2021-07-29,BG11PESOBT13,27312403,2438860,2892
402,2021-07-29,BG11SOSOBT18,134797899,46695735,6673
403,2021-07-29,BG1100086070,34276050,8113764,25613
404,2021-07-29,BG1100032140,59360518,31431825,1034
405,2021-07-29,BG11SVVAAT11,2309561,843144,791
406,2021-07-29,BG1100033981,18358849,7915991,156438
407,2021-07-29,BG1100005971,21000000,12372374,22065
408,2021-07-29,BG1100049078,24200000,5745245,1464
409,2021-07-29,BG1100017190,12500000,2402166,1044
410,2021-07-29,BG11TOSOAT18,5416829,512539,2688
411,2021-07-29,BG1100001921,27995036,11136790,3975
412,2021-07-29,BG11PLPLVT16,1003904,203739,956
413,2021-07-29,BG1100109070,195660287,39151614,1651
414,2021-07-29,BG11ZLVAAT14,6493577,481434,6235
415,2021-07-30,BG1100003166,17999999,6305759,1016
416,2021-07-30,BG11ALBAAT17,4273126,1278803,77469
417,2021-07-30,BG11ALSUAT14,17952959,1776504,2578
418,2021-07-30,BG1100025052,85110091,52483840,1872
419,2021-07-30,BG1100001053,34641925,25764018,1004
420,2021-07-30,BG1100014973,127129970,21181101,6223
421,2021-07-30,BG1100046066,239646267,53080895,3405
422,2021-07-30,BG1100038980,18736099,12418285,146901
423,2021-07-30,BG1100040101,36629925,26308349,821
424,2021-07-30,BG11ELPABT16,25108410,6618810,1626
425,2021-07-30,BG11EMSEAT19,21699726,4898869,1413
426,2021-07-30,BG1100114062,260500000,85228209,9415
427,2021-07-30,BG1100106050,149084800,16500000,2084
428,2021-07-30,BG11FASIAT18,515000,213250,820
429,2021-07-30,BG1100026985,5347798,3099451,69757
430,2021-07-30,BG1100002184,243608710,43788135,1096
431,2021-07-30,BG1100080982,735910,438192,2516
432,2021-07-30,BG11HIYMAT14,18193752,3673622,1016
433,2021-07-30,BG1100010989,15864544,8981736,26183
434,2021-07-30,BG1100058988,5610437,1808162,13177
435,2021-07-30,BG1100051983,56010597,22698400,4289
436,2021-07-30,BG1100027983,36852997,16532960,1390
437,2021-07-30,BG1100008983,9940391,6666906,37511
438,2021-07-30,BG1100036984,6485897,1972028,13496
439,2021-07-30,BG1100043980,9980925,3415242,30563
440,2021-07-30,BG1100019980,107400643,29025755,53923
441,2021-07-30,BG11LUSTAT13,13168614,2350691,773
442,2021-07-30,BG11LASUAT14,9919410,1211967,1027
443,2021-07-30,BG1100075065,39000000,6788804,1655
444,2021-07-30,BG11MPKAAT18,39445200,9071209,1305
445,2021-07-30,BG11NEDIAT11,2654358,629151,3006
446,2021-07-30,BG11KOVABT17,586642,113619,775
447,2021-07-30,BG11PESOBT13,27312403,2438860,2892
448,2021-07-30,BG11SOSOBT18,134797899,46695735,6673
449,2021-07-30,BG1100086070,34276050,8113764,25612
450,2021-07-30,BG1100032140,59360518,31431825,1034
451,2021-07-30,BG11SVVAAT11,2309561,843144,791
452,2021-07-30,BG1100033981,18358849,7915991,156438
453,2021-07-30,BG1100005971,21000000,12372374,22065
454,2021-07-30,BG1100049078,24200000,5745245,1463
455,2021-07-30,BG1100017190,12500000,2402166,1046
456,2021-07-30,BG11TOSOAT18,5416829,512539,2688
457,2021-07-30,BG1100001921,27995036,11136790,3975
458,2021-07-30,BG11PLPLVT16,1003904,203739,956
459,2021-07-30,BG1100109070,195660287,39151614,1651
460,2021-07-30,BG11ZLVAAT14,6493577,481434,6235
461,2021-08-02,BG1100003166,17999999,6305759,1019
462,2021-08-02,BG11ALBAAT17,4273126,1278803,77469
463,2021-08-02,BG11ALSUAT14,17952959,1776504,2578
464,2021-08-02,BG1100025052,85110091,52483840,1871
465,2021-08-02,BG1100001053,34641925,25764018,1005
466,2021-08-02,BG1100014973,127129970,21181101,6222
467,2021-08-02,BG1100046066,239646267,53080895,3405
468,2021-08-02,BG1100038980,18736099,12418785,146901
469,2021-08-02,BG1100040101,36629925,26308349,820
470,2021-08-02,BG11ELPABT16,25108410,6618810,1624
471,2021-08-02,BG11EMSEAT19,21699726,4898869,1414
472,2021-08-02,BG1100114062,260500000,85236209,9418
473,2021-08-02,BG1100106050,149084800,16500000,2084
474,2021-08-02,BG11FASIAT18,515000,213250,831
475,2021-08-02,BG1100026985,5347798,3099451,69757
476,2021-08-02,BG1100002184,243608710,43788135,1094
477,2021-08-02,BG1100080982,735910,438192,2516
478,2021-08-02,BG11HIYMAT14,18193752,3673622,1015
479,2021-08-02,BG1100010989,15864544,8981736,26182
480,2021-08-02,BG1100058988,5610437,1808162,13177
481,2021-08-02,BG1100051983,56010597,22698400,4289
482,2021-08-02,BG1100027983,36852997,16532960,1390
483,2021-08-02,BG1100008983,9940391,6666906,37511
484,2021-08-02,BG1100036984,6485897,1972028,13496
485,2021-08-02,BG1100043980,9980925,3415242,30563
486,2021-08-02,BG1100019980,107400643,29025755,53924
487,2021-08-02,BG11LUSTAT13,13168614,2350691,772
488,2021-08-02,BG11LASUAT14,9919410,1211967,1027
489,2021-08-02,BG1100075065,39000000,6788804,1657
490,2021-08-02,BG11MPKAAT18,39445200,9071209,1304
491,2021-08-02,BG11NEDIAT11,2654358,629151,3009
492,2021-08-02,BG11KOVABT17,586642,113619,774
493,2021-08-02,BG11PESOBT13,27312403,2438860,2892
494,2021-08-02,BG11SOSOBT18,134797899,46695735,6672
495,2021-08-02,BG1100086070,34276050,8113764,25613
496,2021-08-02,BG1100032140,59360518,31431825,1033
497,2021-08-02,BG11SVVAAT11,2309561,843144,791
498,2021-08-02,BG1100033981,18358849,7915991,156438
499,2021-08-02,BG1100005971,21000000,12372374,22062
500,2021-08-02,BG1100049078,24200000,5745245,1463
501,2021-08-02,BG1100017190,12500000,2402166,1046
502,2021-08-02,BG11TOSOAT18,5416829,512539,2688
503,2021-08-02,BG1100001921,27995036,11136790,3975
504,2021-08-02,BG11PLPLVT16,1003904,203739,956
505,2021-08-02,BG1100109070,195660287,39151614,1651
506,2021-08-02,BG11ZLVAAT14,6493577,481434,6235
507,2021-08-03,BG1100003166,17999999,6305759,1019
508,2021-08-03,BG11ALBAAT17,4273126,1278803,77468
509,2021-08-03,BG11ALSUAT14,17952959,1776504,2578
510,2021-08-03,BG1100025052,85110091,52483840,1872
511,2021-08-03,BG1100001053,34641925,25764018,1005
512,2021-08-03,BG1100014973,127129970,21181101,6221
513,2021-08-03,BG1100046066,239646267,53080895,3404
514,2021-08-03,BG1100038980,18736099,12418785,146901
515,2021-08-03,BG1100040101,36629925,26308349,820
516,2021-08-03,BG11ELPABT16,25108410,6618810,1624
517,2021-08-03,BG11EMSEAT19,21699726,4898869,1413
518,2021-08-03,BG1100114062,260500000,85236209,9419
519,2021-08-03,BG1100106050,149084800,16500000,2083
520,2021-08-03,BG11FASIAT18,515000,213250,831
521,2021-08-03,BG1100026985,5347798,3099451,69757
522,2021-08-03,BG1100002184,243608710,43788135,1094
523,2021-08-03,BG1100080982,735910,438192,2516
524,2021-08-03,BG11HIYMAT14,18193752,3673622,1015
525,2021-08-03,BG1100010989,15864544,8981736,26182
526,2021-08-03,BG1100058988,5610437,1808162,13177
527,2021-08-03,BG1100051983,56010597,22698400,4289
528,2021-08-03,BG1100027983,36852997,16532960,1390
529,2021-08-03,BG1100008983,9940391,6666906,37511
530,2021-08-03,BG1100036984,6485897,1972228,13494
531,2021-08-03,BG1100043980,9980925,3415242,30563
532,2021-08-03,BG1100019980,107400643,29025755,53923
533,2021-08-03,BG11LUSTAT13,13168614,2350691,772
534,2021-08-03,BG11LASUAT14,9919410,1211967,1027
535,2021-08-03,BG1100075065,39000000,6788804,1656
536,2021-08-03,BG11MPKAAT18,39445200,9071209,1304
537,2021-08-03,BG11NEDIAT11,2654358,629151,3010
538,2021-08-03,BG11KOVABT17,586642,113619,774
539,2021-08-03,BG11PESOBT13,27312403,2438860,2892
540,2021-08-03,BG11SOSOBT18,134797899,46695735,6672
541,2021-08-03,BG1100086070,34276050,8113764,25613
542,2021-08-03,BG1100032140,59360518,31431825,1033
543,2021-08-03,BG11SVVAAT11,2309561,843144,791
544,2021-08-03,BG1100033981,18358849,7915991,156437
545,2021-08-03,BG1100005971,21000000,12372374,22061
546,2021-08-03,BG1100049078,24200000,5745245,1463
547,2021-08-03,BG1100017190,12500000,2402166,1046
548,2021-08-03,BG11TOSOAT18,5416829,512539,2688
549,2021-08-03,BG1100001921,27995036,11136790,3975
550,2021-08-03,BG11PLPLVT16,1003904,203739,956
551,2021-08-03,BG1100109070,195660287,39151614,1651
552,2021-08-03,BG11ZLVAAT14,6493577,481434,6235
553,2021-08-04,BG1100003166,17999999,6305759,1023
554,2021-08-04,BG11ALBAAT17,4273126,1278803,77468
555,2021-08-04,BG11ALSUAT14,17952959,1776504,2578
556,2021-08-04,BG1100025052,85110091,52483840,1871
557,2021-08-04,BG1100001053,34641925,25764018,1006
558,2021-08-04,BG1100014973,127129970,21181101,6222
559,2021-08-04,BG1100046066,239646267,53080895,3403
560,2021-08-04,BG1100038980,18736099,12418785,146901
561,2021-08-04,BG1100040101,36629925,26308349,820
562,2021-08-04,BG11ELPABT16,25108410,6618810,1624
563,2021-08-04,BG11EMSEAT19,21699726,4898869,1413
564,2021-08-04,BG1100114062,260500000,85236209,9418
565,2021-08-04,BG1100106050,149084800,16500000,2083
566,2021-08-04,BG11FASIAT18,515000,213250,832
567,2021-08-04,BG1100026985,5347798,3099451,69757
568,2021-08-04,BG1100002184,243608710,43788135,1092
569,2021-08-04,BG1100080982,735910,438192,2516
570,2021-08-04,BG11HIYMAT14,18193752,3673622,1015
571,2021-08-04,BG1100010989,15864544,8981736,26182
572,2021-08-04,BG1100058988,5610437,1808162,13177
573,2021-08-04,BG1100051983,56010597,22698400,4289
574,2021-08-04,BG1100027983,36852997,16532960,1390
575,2021-08-04,BG1100008983,9940391,6666906,37511
576,2021-08-04,BG1100036984,6485897,1972228,13492
577,2021-08-04,BG1100043980,9980925,3415242,30564
578,2021-08-04,BG1100019980,107400643,29025755,53921
579,2021-08-04,BG11LUSTAT13,13168614,2350691,772
580,2021-08-04,BG11LASUAT14,9919410,1211967,1027
581,2021-08-04,BG1100075065,39000000,6788804,1656
582,2021-08-04,BG11MPKAAT18,39445200,9071209,1304
583,2021-08-04,BG11NEDIAT11,2654358,629151,3011
584,2021-08-04,BG11KOVABT17,586642,113619,774
585,2021-08-04,BG11PESOBT13,27312403,2438860,2892
586,2021-08-04,BG11SOSOBT18,134797899,46695735,6670
587,2021-08-04,BG1100086070,34276050,8113764,25613
588,2021-08-04,BG1100032140,59360518,31431825,1033
589,2021-08-04,BG11SVVAAT11,2309561,841444,791
590,2021-08-04,BG1100033981,18358849,7915991,156437
591,2021-08-04,BG1100005971,21000000,12372374,22058
592,2021-08-04,BG1100049078,24200000,5745245,1463
593,2021-08-04,BG1100017190,12500000,2402166,1046
594,2021-08-04,BG11TOSOAT18,5416829,512539,2688
595,2021-08-04,BG1100001921,27995036,11136790,3975
596,2021-08-04,BG11PLPLVT16,1003904,203739,957
597,2021-08-04,BG1100109070,195660287,39151614,1651
598,2021-08-04,BG11ZLVAAT14,6493577,481434,6235
599,2021-08-05,BG1100003166,17999999,6305759,1022
600,2021-08-05,BG11ALBAAT17,4273126,1278803,77469
601,2021-08-05,BG11ALSUAT14,17952959,1776504,2579
602,2021-08-05,BG1100025052,85110091,52483840,1868
603,2021-08-05,BG1100001053,34641925,25764018,1007
604,2021-08-05,BG1100014973,127129970,21181101,6224
605,2021-08-05,BG1100046066,239646267,53080895,3400
606,2021-08-05,BG1100038980,18736099,12418785,146898
607,2021-08-05,BG1100040101,36629925,26308349,820
608,2021-08-05,BG11ELPABT16,25108410,6618810,1624
609,2021-08-05,BG11EMSEAT19,21699726,4898869,1413
610,2021-08-05,BG1100114062,260500000,85236209,9419
611,2021-08-05,BG1100106050,149084800,16500000,2084
612,2021-08-05,BG11FASIAT18,515000,213250,831
613,2021-08-05,BG1100026985,5347798,3099451,69757
614,2021-08-05,BG1100002184,243608710,43788135,1092
615,2021-08-05,BG1100080982,735910,438192,2516
616,2021-08-05,BG11HIYMAT14,18193752,3673622,1015
617,2021-08-05,BG1100010989,15864544,8981736,26182
618,2021-08-05,BG1100058988,5610437,1808162,13177
619,2021-08-05,BG1100051983,56010597,22698400,4289
620,2021-08-05,BG1100027983,36852997,16532960,1390
621,2021-08-05,BG1100008983,9940391,6666906,37511
622,2021-08-05,BG1100036984,6485897,1973028,13492
623,2021-08-05,BG1100043980,9980925,3407242,30564
624,2021-08-05,BG1100019980,107400643,29025755,53920
625,2021-08-05,BG11LUSTAT13,13168614,2350691,772
626,2021-08-05,BG11LASUAT14,9919410,1211967,1027
627,2021-08-05,BG1100075065,39000000,6788804,1656
628,2021-08-05,BG11MPKAAT18,39445200,9071209,1307
629,2021-08-05,BG11NEDIAT11,2654358,629151,3010
630,2021-08-05,BG11KOVABT17,586642,113619,774
631,2021-08-05,BG11PESOBT13,27312403,2438860,2892
632,2021-08-05,BG11SOSOBT18,134797899,46695735,6668
633,2021-08-05,BG1100086070,34276050,8113764,25613
634,2021-08-05,BG1100032140,59360518,31431825,1033
635,2021-08-05,BG11SVVAAT11,2309561,841444,791
636,2021-08-05,BG1100033981,18358849,7915991,156437
637,2021-08-05,BG1100005971,21000000,12372374,22058
638,2021-08-05,BG1100049078,24200000,5745245,1463
639,2021-08-05,BG1100017190,12500000,2402166,1045
640,2021-08-05,BG11TOSOAT18,5416829,512539,2688
641,2021-08-05,BG1100001921,27995036,11136790,3975
642,2021-08-05,BG11PLPLVT16,1003904,203739,957
643,2021-08-05,BG1100109070,195660287,39151614,1651
644,2021-08-05,BG11ZLVAAT14,6493577,481434,6233
