1,2021-07-19,A4L,17.4,723,29,17.5133
2,2021-07-19,ALB,33.8,20,29,33.8
3,2021-07-19,ALCM,9.2,0,29,9.2
4,2021-07-19,ATER,2.48,1798,29,2.4817
5,2021-07-19,BREF,2.15,1450,29,2.1534
6,2021-07-19,CCB,1,5065,29,0.9978
7,2021-07-19,CHIM,0.848,18576,29,0.8464
8,2021-07-19,DUH,7.4,12387,29,7.4259
9,2021-07-19,EAC,1.08,0,29,1.08
10,2021-07-19,ELHM,0.835,0,29,0.8251
11,2021-07-19,EMKA,3.26,1290,29,3.3242
12,2021-07-19,EUBG,2.5,11000,29,2.5727
13,2021-07-19,FIB,1.75,0,29,1.7394
14,2021-07-19,FZLS,19.2,0,29,21.6889
15,2021-07-19,GAMZ,3.8,0,29,3.8
16,2021-07-19,GR6,1.48,150,29,1.4667
17,2021-07-19,HCEN,32.2,0,29,32.2
18,2021-07-19,HES,5.8,0,29,5.8
19,2021-07-19,HIKA,2.9,0,29,2.8721
20,2021-07-19,HNVK,18.4,0,29,18.232
21,2021-07-19,HRZ,2.66,0,29,2.66
22,2021-07-19,HSI,2.6,0,29,2.6
23,2021-07-19,HSOF,3.6,0,29,3.6
24,2021-07-19,HVAR,40.2,53,29,40.2
25,2021-07-19,IDH,2.24,75,29,2.2733
26,2021-07-19,IHB,1.27,9000,29,1.2711
27,2021-07-19,KBG,8.25,0,29,8.25
28,2021-07-19,LAV,3.8,0,29,3.8
29,2021-07-19,MONB,6,35,29,6
30,2021-07-19,MSH,7.55,0,29,7.5891
31,2021-07-19,NEOH,24,32,29,23.975
32,2021-07-19,ODES,115,0,29,115
33,2021-07-19,PET,0.23,0,29,0.23
34,2021-07-19,SFA,3.48,401,29,3.4723
35,2021-07-19,SFT,5.1,41,29,5.1
36,2021-07-19,SGH,0.494,16000,29,0.4922
37,2021-07-19,SKEH,22.4,0,29,22.4
38,2021-07-19,SNRG,0.645,0,29,0.6653
39,2021-07-19,SPH,7.25,106,29,7.2524
40,2021-07-19,T57,3.82,963,29,3.7213
41,2021-07-19,TBS,13.6,1198,29,13.6434
42,2021-07-19,TOPL,2.2,0,29,2.2
43,2021-07-19,TXIM,3,0,29,3
44,2021-07-19,YGAG,5,0,29,5.0847
45,2021-07-19,ZHBG,0.147,0,29,0.1389
46,2021-07-19,ZLP,2.46,0,29,2.4258
47,2021-07-20,A4L,17.8,1574,29,17.6647
48,2021-07-20,ALB,33,40,29,33.3
49,2021-07-20,ALCM,9.2,0,29,9.2
50,2021-07-20,ATER,2.48,57384,29,2.4882
51,2021-07-20,BREF,2.15,0,29,2.1534
52,2021-07-20,CCB,1,7045,29,0.9994
53,2021-07-20,CHIM,0.85,30005,29,0.85
54,2021-07-20,DUH,7.24,5395,29,7.287
55,2021-07-20,EAC,1.07,2490,29,1.07
56,2021-07-20,ELHM,0.835,0,29,0.8251
57,2021-07-20,EMKA,3.26,0,29,3.3242
58,2021-07-20,EUBG,2.56,10000,29,2.56
59,2021-07-20,FIB,1.72,1700,29,1.7288
60,2021-07-20,FZLS,21.8,90,29,21.8
61,2021-07-20,GAMZ,3.8,0,29,3.8
62,2021-07-20,GR6,1.46,20200,29,1.46
63,2021-07-20,HCEN,33,1240,29,33
64,2021-07-20,HES,5.8,150,29,5.8
65,2021-07-20,HIKA,2.76,200,29,2.76
66,2021-07-20,HNVK,18.4,0,29,18.232
67,2021-07-20,HRZ,2.66,76200,29,2.66
68,2021-07-20,HSI,2.6,20000,29,2.6
69,2021-07-20,HSOF,3.6,25,29,3.6
70,2021-07-20,HVAR,40.2,60,29,40.1167
71,2021-07-20,IDH,2.24,0,29,2.2733
72,2021-07-20,IHB,1.27,1000,29,1.27
73,2021-07-20,KBG,8.25,0,29,8.25
74,2021-07-20,LAV,3.8,0,29,3.8
75,2021-07-20,MONB,6,3500,29,6.0214
76,2021-07-20,MSH,7.6,523,29,7.6
77,2021-07-20,NEOH,23.6,33,29,23.6
78,2021-07-20,ODES,115,0,29,115
79,2021-07-20,PET,0.23,0,29,0.23
80,2021-07-20,SFA,3.48,0,29,3.4723
81,2021-07-20,SFT,5.1,559,29,5.1
82,2021-07-20,SGH,0.494,0,29,0.4922
83,2021-07-20,SKEH,22.4,0,29,22.4
84,2021-07-20,SNRG,0.645,0,29,0.6653
85,2021-07-20,SPH,7.25,145,29,7.25
86,2021-07-20,T57,3.82,0,29,3.7213
87,2021-07-20,TBS,13.5,3177,29,13.5074
88,2021-07-20,TOPL,2.2,0,29,2.2
89,2021-07-20,TXIM,3,0,29,3
90,2021-07-20,YGAG,5,0,29,5.0847
91,2021-07-20,ZHBG,0.147,0,29,0.1389
92,2021-07-20,ZLP,2.46,0,29,2.4258
93,2021-07-21,A4L,18,60,29,18
94,2021-07-21,ALB,32.4,20,29,32.4
95,2021-07-21,ALCM,9.2,0,29,9.2
96,2021-07-21,ATER,2.45,7186,29,2.4482
97,2021-07-21,BREF,2.18,1030,29,2.1515
98,2021-07-21,CCB,0.995,10422,29,0.9715
99,2021-07-21,CHIM,0.862,11142,29,0.8537
100,2021-07-21,DUH,7.24,4314,29,7.2446
101,2021-07-21,EAC,1.07,3320,29,1.07
102,2021-07-21,ELHM,0.835,0,29,0.8251
103,2021-07-21,EMKA,3.26,0,29,3.3242
104,2021-07-21,EUBG,2.5,10375,29,2.5771
105,2021-07-21,FIB,1.73,4065,29,1.7469
106,2021-07-21,FZLS,21,24,29,21
107,2021-07-21,GAMZ,3.8,0,29,3.8
108,2021-07-21,GR6,1.48,200,29,1.48
109,2021-07-21,HCEN,33,0,29,33
110,2021-07-21,HES,5.8,170,29,5.8
111,2021-07-21,HIKA,2.76,0,29,2.76
112,2021-07-21,HNVK,18.4,0,29,18.232
113,2021-07-21,HRZ,2.66,1000000,29,2.66
114,2021-07-21,HSI,2.6,0,29,2.6
115,2021-07-21,HSOF,3.6,0,29,3.6
116,2021-07-21,HVAR,40.4,85,29,39.9694
117,2021-07-21,IDH,2.34,75,29,2.34
118,2021-07-21,IHB,1.27,15482,29,1.27
119,2021-07-21,KBG,8.25,20,29,8.25
120,2021-07-21,LAV,3.8,0,29,3.8
121,2021-07-21,MONB,6,500,29,6.0283
122,2021-07-21,MSH,7.5,40,29,7.5
123,2021-07-21,NEOH,24.8,165,29,24.5309
124,2021-07-21,ODES,115,0,29,115
125,2021-07-21,PET,0.23,0,29,0.23
126,2021-07-21,SFA,3.48,1100,29,3.4661
127,2021-07-21,SFT,5.05,100,29,5.05
128,2021-07-21,SGH,0.498,7800,29,0.4939
129,2021-07-21,SKEH,22.4,0,29,22.4
130,2021-07-21,SNRG,0.645,0,29,0.6653
131,2021-07-21,SPH,7.25,0,29,7.25
132,2021-07-21,T57,3.82,0,29,3.7213
133,2021-07-21,TBS,13.6,2793,29,13.5054
134,2021-07-21,TOPL,2.2,0,29,2.2
135,2021-07-21,TXIM,3,0,29,3
136,2021-07-21,YGAG,5,0,29,5.0847
137,2021-07-21,ZHBG,0.137,222,29,0.137
138,2021-07-21,ZLP,2.46,0,29,2.4258
139,2021-07-22,A4L,17.5,211,29,17.6166
140,2021-07-22,ALB,32.4,0,29,32.4
141,2021-07-22,ALCM,9.2,0,29,9.2
142,2021-07-22,ATER,2.45,0,29,2.4482
143,2021-07-22,BREF,2.14,1480,29,2.1471
144,2021-07-22,CCB,0.995,13750,29,0.9752
145,2021-07-22,CHIM,0.85,18750,29,0.8485
146,2021-07-22,DUH,7.24,5930,29,7.23
147,2021-07-22,EAC,1.06,1060,29,1.0615
148,2021-07-22,ELHM,0.835,0,29,0.8251
149,2021-07-22,EMKA,3.26,0,29,3.3242
150,2021-07-22,EUBG,2.54,11500,29,2.5426
151,2021-07-22,FIB,1.7,3000,29,1.7114
152,2021-07-22,FZLS,21,0,29,21
153,2021-07-22,GAMZ,3.8,0,29,3.8
154,2021-07-22,GR6,1.43,1014,29,1.4307
155,2021-07-22,HCEN,33,0,29,33
156,2021-07-22,HES,5.8,0,29,5.8
157,2021-07-22,HIKA,2.96,500,29,2.96
158,2021-07-22,HNVK,18.4,0,29,18.232
159,2021-07-22,HRZ,2.66,0,29,2.66
160,2021-07-22,HSI,2.6,0,29,2.6
161,2021-07-22,HSOF,3.6,0,29,3.6
162,2021-07-22,HVAR,40.2,90,29,39.84
163,2021-07-22,IDH,2.34,0,29,2.34
164,2021-07-22,IHB,1.28,1250,29,1.28
165,2021-07-22,KBG,8.25,0,29,8.25
166,2021-07-22,LAV,3.8,0,29,3.8
167,2021-07-22,MONB,5.7,6000,29,5.808
168,2021-07-22,MSH,7.5,0,29,7.5
169,2021-07-22,NEOH,24.2,110,29,24.2909
170,2021-07-22,ODES,115,0,29,115
171,2021-07-22,PET,0.23,0,29,0.23
172,2021-07-22,SFA,3.48,0,29,3.4661
173,2021-07-22,SFT,5.1,300,29,5.1
174,2021-07-22,SGH,0.496,31037,29,0.5028
175,2021-07-22,SKEH,22.4,0,29,22.4
176,2021-07-22,SNRG,0.645,0,29,0.6653
177,2021-07-22,SPH,7.25,0,29,7.25
178,2021-07-22,T57,3.74,3371,29,3.5856
179,2021-07-22,TBS,13.7,100,29,13.7
180,2021-07-22,TOPL,2.2,0,29,2.2
181,2021-07-22,TXIM,3,0,29,3
182,2021-07-22,YGAG,5,0,29,5.0847
183,2021-07-22,ZHBG,0.137,0,29,0.137
184,2021-07-22,ZLP,2.46,0,29,2.4258
185,2021-08-02,A4L,17.6,1622,31,17.6166
186,2021-08-02,ALB,36,100,31,35.86
187,2021-08-02,ALCM,9.25,295,31,9.2339
188,2021-08-02,ATER,2.67,6839,31,2.6734
189,2021-08-02,BREF,2.3,10600,31,2.2948
190,2021-08-02,CCB,1.05,5780,31,1.0495
191,2021-08-02,CHIM,0.85,17649,31,0.8639
192,2021-08-02,DUH,6.9,495,31,6.8448
193,2021-08-02,EAC,1.08,0,31,1.0748
194,2021-08-02,ELHM,0.79,0,31,0.7959
195,2021-08-02,EMKA,3.6,0,31,3.5934
196,2021-08-02,EUBG,2.48,10200,31,2.5192
197,2021-08-02,FIB,1.7,0,31,1.7057
198,2021-08-02,FZLS,19,4128,31,19.0019
199,2021-08-02,GAMZ,3.8,0,31,3.8
200,2021-08-02,GR6,1.46,581,31,1.4608
201,2021-08-02,HCEN,34.2,0,31,34.2
202,2021-08-02,HES,5.8,190,31,5.8408
203,2021-08-02,HIKA,3.02,0,31,3.02
204,2021-08-02,HNVK,18.4,0,31,18.232
205,2021-08-02,HRZ,2.66,0,31,2.66
206,2021-08-02,HSI,2.6,0,31,2.6
207,2021-08-02,HSOF,3.44,0,31,3.45
208,2021-08-02,HVAR,40.2,55,31,39.8909
209,2021-08-02,IDH,2.36,0,31,2.36
210,2021-08-02,IHB,1.55,1617,31,1.55
211,2021-08-02,KBG,8.3,70,31,8.3
212,2021-08-02,LAV,3.8,0,31,3.8
213,2021-08-02,MONB,6.2,200,31,6.175
214,2021-08-02,MSH,7.65,0,31,7.65
215,2021-08-02,NEOH,27.6,101,31,27.2931
216,2021-08-02,ODES,103,0,31,102.0227
217,2021-08-02,PET,0.23,0,31,0.23
218,2021-08-02,SFA,3.52,1050,31,3.5067
219,2021-08-02,SFT,5.2,1220,31,5.1939
220,2021-08-02,SGH,0.51,200,31,0.51
221,2021-08-02,SKEH,22.4,0,31,22.4
222,2021-08-02,SNRG,0.75,0,31,0.6892
223,2021-08-02,SPH,7.45,970,31,7.3848
224,2021-08-02,T57,3.46,370,31,3.4492
225,2021-08-02,TBS,13.6,114,31,13.536
226,2021-08-02,TOPL,2.1,0,31,2.1
227,2021-08-02,TXIM,3,0,31,3
228,2021-08-02,YGAG,5.5,34,31,5.5
229,2021-08-02,ZHBG,0.136,0,31,0.1364
230,2021-08-02,ZLP,2.46,0,31,2.4258
231,2021-08-03,A4L,17.9,1201,31,17.5254
232,2021-08-03,ALB,35.8,50,31,34.944
233,2021-08-03,ALCM,9,952,31,9.0378
234,2021-08-03,ATER,2.71,6864,31,2.6898
235,2021-08-03,BREF,2.33,4592,31,2.3007
236,2021-08-03,CCB,1.05,24935,31,1.0542
237,2021-08-03,CHIM,0.856,18845,31,0.8621
238,2021-08-03,DUH,6.8,2407,31,6.7979
239,2021-08-03,EAC,1.08,0,31,1.0748
240,2021-08-03,ELHM,0.79,0,31,0.7959
241,2021-08-03,EMKA,3.6,0,31,3.5934
242,2021-08-03,EUBG,2.52,52050,31,2.5188
243,2021-08-03,FIB,1.73,286,31,1.73
244,2021-08-03,FZLS,19,0,31,19.0019
245,2021-08-03,GAMZ,3.8,0,31,3.8
246,2021-08-03,GR6,1.47,240,31,1.47
247,2021-08-03,HCEN,34.2,0,31,34.2
248,2021-08-03,HES,5.8,0,31,5.8408
249,2021-08-03,HIKA,3.02,0,31,3.02
250,2021-08-03,HNVK,18.4,0,31,18.232
251,2021-08-03,HRZ,2.66,0,31,2.66
252,2021-08-03,HSI,2.6,0,31,2.6
253,2021-08-03,HSOF,3.44,0,31,3.45
254,2021-08-03,HVAR,40.2,60,31,40.2
255,2021-08-03,IDH,2.36,0,31,2.36
256,2021-08-03,IHB,1.56,1416,31,1.56
257,2021-08-03,KBG,8.3,0,31,8.3
258,2021-08-03,LAV,3.8,0,31,3.8
259,2021-08-03,MONB,6.2,0,31,6.175
260,2021-08-03,MSH,7.35,2000,31,7.1963
261,2021-08-03,NEOH,27.4,40,31,27.4
262,2021-08-03,ODES,103,0,31,102.0227
263,2021-08-03,PET,0.23,0,31,0.23
264,2021-08-03,SFA,3.5,2773,31,3.482
265,2021-08-03,SFT,5.25,1280,31,5.2243
266,2021-08-03,SGH,0.51,0,31,0.51
267,2021-08-03,SKEH,22.4,0,31,22.4
268,2021-08-03,SNRG,0.75,0,31,0.6892
269,2021-08-03,SPH,7.45,0,31,7.3848
270,2021-08-03,T57,3.46,0,31,3.4492
271,2021-08-03,TBS,13.4,650,31,13.4408
272,2021-08-03,TOPL,2.1,0,31,2.1
273,2021-08-03,TXIM,3,0,31,3
274,2021-08-03,YGAG,5.5,0,31,5.5
275,2021-08-03,ZHBG,0.136,0,31,0.1364
276,2021-08-03,ZLP,1.43,260,31,1.5635
277,2021-08-04,A4L,17.2,1899,31,17.1707
278,2021-08-04,ALB,34.2,80,31,34.25
279,2021-08-04,ALCM,8.75,1570,31,8.8064
280,2021-08-04,ATER,2.7,10249,31,2.7219
281,2021-08-04,BREF,2.37,24693,31,2.3464
282,2021-08-04,CCB,1.08,40075,31,1.071
283,2021-08-04,CHIM,0.896,50726,31,0.8793
284,2021-08-04,DUH,6.8,2907,31,6.8
285,2021-08-04,EAC,1.08,1700,31,1.08
286,2021-08-04,ELHM,0.79,500,31,0.79
287,2021-08-04,EMKA,3.6,0,31,3.5934
288,2021-08-04,EUBG,2.52,50275,31,2.519
289,2021-08-04,FIB,1.765,3560,31,1.7483
290,2021-08-04,FZLS,19,0,31,19.0019
291,2021-08-04,GAMZ,3.8,0,31,3.8
292,2021-08-04,GR6,1.46,700,31,1.46
293,2021-08-04,HCEN,34.2,0,31,34.2
294,2021-08-04,HES,5.75,335,31,5.7994
295,2021-08-04,HIKA,3.02,0,31,3.02
296,2021-08-04,HNVK,18.4,0,31,18.232
297,2021-08-04,HRZ,2.66,0,31,2.66
298,2021-08-04,HSI,2.6,0,31,2.6
299,2021-08-04,HSOF,3.44,0,31,3.45
300,2021-08-04,HVAR,40,65,31,39.9815
301,2021-08-04,IDH,2.36,0,31,2.36
302,2021-08-04,IHB,1.56,8350,31,1.5612
303,2021-08-04,KBG,8.3,0,31,8.3
304,2021-08-04,LAV,3.8,0,31,3.8
305,2021-08-04,MONB,6,5300,31,6.026
306,2021-08-04,MSH,7.35,0,31,7.1963
307,2021-08-04,NEOH,27.8,106,31,27.8
308,2021-08-04,ODES,102,5,31,102
309,2021-08-04,PET,0.102,249,31,0.102
310,2021-08-04,SFA,3.48,1014,31,3.48
311,2021-08-04,SFT,5.15,1022,31,5.1573
312,2021-08-04,SGH,0.51,7350,31,0.5097
313,2021-08-04,SKEH,22.4,0,31,22.4
314,2021-08-04,SNRG,0.75,0,31,0.6892
315,2021-08-04,SPH,7.1,360,31,7.1167
316,2021-08-04,T57,3.46,0,31,3.4492
317,2021-08-04,TBS,13.5,8281,31,13.5072
318,2021-08-04,TOPL,2.1,0,31,2.1
319,2021-08-04,TXIM,3,0,31,3
320,2021-08-04,YGAG,5.5,0,31,5.5
321,2021-08-04,ZHBG,0.144,3450,31,0.1431
322,2021-08-04,ZLP,1.35,420,31,1.3862
323,2021-07-23,A4L,17.6,559,29,17.6674
324,2021-07-23,ALB,33.6,98,29,32.3306
325,2021-07-23,ALCM,9.2,125,29,9.2
326,2021-07-23,ATER,2.5,6190,29,2.502
327,2021-07-23,BREF,2.14,1930,29,2.1316
328,2021-07-23,CCB,0.995,2330,29,0.991
329,2021-07-23,CHIM,0.846,2880,29,0.846
330,2021-07-23,DUH,7.18,30866,29,7.1077
331,2021-07-23,EAC,1.06,0,29,1.0615
332,2021-07-23,ELHM,0.835,0,29,0.8251
333,2021-07-23,EMKA,3.26,0,29,3.3242
334,2021-07-23,EUBG,2.58,8500,29,2.5612
335,2021-07-23,FIB,1.78,1670,29,1.7692
336,2021-07-23,FZLS,21,0,29,21
337,2021-07-23,GAMZ,3.8,0,29,3.8
338,2021-07-23,GR6,1.47,17,29,1.47
339,2021-07-23,HCEN,33,0,29,33
340,2021-07-23,HES,5.65,30,29,5.65
341,2021-07-23,HIKA,2.96,0,29,2.96
342,2021-07-23,HNVK,18.4,0,29,18.232
343,2021-07-23,HRZ,2.66,0,29,2.66
344,2021-07-23,HSI,2.6,0,29,2.6
345,2021-07-23,HSOF,3.6,0,29,3.6
346,2021-07-23,HVAR,40.2,30,29,40.2
347,2021-07-23,IDH,2.34,0,29,2.34
348,2021-07-23,IHB,1.28,0,29,1.28
349,2021-07-23,KBG,8.25,0,29,8.25
350,2021-07-23,LAV,3.8,0,29,3.8
351,2021-07-23,MONB,6,400,29,6
352,2021-07-23,MSH,7.5,0,29,7.5
353,2021-07-23,NEOH,25.6,474,29,25.1489
354,2021-07-23,ODES,115,0,29,115
355,2021-07-23,PET,0.23,0,29,0.23
356,2021-07-23,SFA,3.48,1050,29,3.48
357,2021-07-23,SFT,5.1,412,29,5.1
358,2021-07-23,SGH,0.5,1000,29,0.5
359,2021-07-23,SKEH,22.4,0,29,22.4
360,2021-07-23,SNRG,0.645,0,29,0.6653
361,2021-07-23,SPH,7.1,184,29,7.1158
362,2021-07-23,T57,3.74,0,29,3.5856
363,2021-07-23,TBS,13.5,2055,29,13.5049
364,2021-07-23,TOPL,2.2,0,29,2.2
365,2021-07-23,TXIM,3,0,29,3
366,2021-07-23,YGAG,5,0,29,5.0847
367,2021-07-23,ZHBG,0.137,0,29,0.137
368,2021-07-23,ZLP,2.46,0,29,2.4258
369,2021-07-26,A4L,17.9,483,30,17.6149
370,2021-07-26,ALB,34,744,30,33.8626
371,2021-07-26,ALCM,9.2,0,30,9.2
372,2021-07-26,ATER,2.55,26678,30,2.5138
373,2021-07-26,BREF,2.2,7290,30,2.181
374,2021-07-26,CCB,0.995,3715,30,0.995
375,2021-07-26,CHIM,0.85,50390,30,0.8435
376,2021-07-26,DUH,6.78,1770,30,6.7741
377,2021-07-26,EAC,1.06,26500,30,1.06
378,2021-07-26,ELHM,0.83,1000,30,0.83
379,2021-07-26,EMKA,3.4,3231,30,3.3501
380,2021-07-26,EUBG,2.6,10000,30,2.5804
381,2021-07-26,FIB,1.71,150,30,1.71
382,2021-07-26,FZLS,19,60,30,19.0833
383,2021-07-26,GAMZ,3.8,0,30,3.8
384,2021-07-26,GR6,1.47,0,30,1.47
385,2021-07-26,HCEN,33,0,30,33
386,2021-07-26,HES,5.8,1900,30,5.8
387,2021-07-26,HIKA,2.94,300,30,2.94
388,2021-07-26,HNVK,18.4,0,30,18.232
389,2021-07-26,HRZ,2.66,77600,30,2.66
390,2021-07-26,HSI,2.6,0,30,2.6
391,2021-07-26,HSOF,3.6,0,30,3.6
392,2021-07-26,HVAR,40,175,30,40.2
393,2021-07-26,IDH,2.36,355000,30,2.36
394,2021-07-26,IHB,1.35,23120,30,1.3522
395,2021-07-26,KBG,8.25,0,30,8.25
396,2021-07-26,LAV,3.8,10,30,3.8
397,2021-07-26,MONB,6.05,4169,30,5.9452
398,2021-07-26,MSH,7.6,1727,30,7.5603
399,2021-07-26,NEOH,26.2,266,30,25.7737
400,2021-07-26,ODES,110,70,30,112.7857
401,2021-07-26,PET,0.23,0,30,0.23
402,2021-07-26,SFA,3.48,3800,30,3.48
403,2021-07-26,SFT,5.1,888,30,5.1
404,2021-07-26,SGH,0.5,650,30,0.4848
405,2021-07-26,SKEH,22.4,0,30,22.4
406,2021-07-26,SNRG,0.645,0,30,0.6653
407,2021-07-26,SPH,7.1,1245,30,7.1
408,2021-07-26,T57,3.58,175,30,3.58
409,2021-07-26,TBS,13.7,30200,30,13.6974
410,2021-07-26,TOPL,2.2,0,30,2.2
411,2021-07-26,TXIM,3,0,30,3
412,2021-07-26,YGAG,5,0,30,5.0847
413,2021-07-26,ZHBG,0.137,15150,30,0.138
414,2021-07-26,ZLP,2.46,0,30,2.4258
415,2021-07-27,A4L,17.5,44,30,17.5091
416,2021-07-27,ALB,34,283,30,34
417,2021-07-27,ALCM,9.5,1400,30,9.5
418,2021-07-27,ATER,2.55,7199,30,2.5538
419,2021-07-27,BREF,2.22,11055,30,2.203
420,2021-07-27,CCB,1,10335,30,0.9901
421,2021-07-27,CHIM,0.844,19960,30,0.8446
422,2021-07-27,DUH,6.66,299,30,6.7085
423,2021-07-27,EAC,1.07,31922,30,1.0699
424,2021-07-27,ELHM,0.77,692,30,0.7974
425,2021-07-27,EMKA,3.5,1200,30,3.5
426,2021-07-27,EUBG,2.5,12000,30,2.5167
427,2021-07-27,FIB,1.675,28200,30,1.6976
428,2021-07-27,FZLS,18.6,30,30,18.6
429,2021-07-27,GAMZ,3.8,0,30,3.8
430,2021-07-27,GR6,1.47,0,30,1.47
431,2021-07-27,HCEN,33,0,30,33
432,2021-07-27,HES,5.8,1824,30,5.8
433,2021-07-27,HIKA,2.94,0,30,2.94
434,2021-07-27,HNVK,18.4,0,30,18.232
435,2021-07-27,HRZ,2.66,0,30,2.66
436,2021-07-27,HSI,2.6,0,30,2.6
437,2021-07-27,HSOF,3.6,0,30,3.6
438,2021-07-27,HVAR,40,53,30,40
439,2021-07-27,IDH,2.36,0,30,2.36
440,2021-07-27,IHB,1.42,29675,30,1.4249
441,2021-07-27,KBG,8.2,1400,30,8.2
442,2021-07-27,LAV,3.8,0,30,3.8
443,2021-07-27,MONB,6,370,30,6
444,2021-07-27,MSH,7.6,100,30,7.605
445,2021-07-27,NEOH,25.4,1041,30,25.293
446,2021-07-27,ODES,105,40,30,107.15
447,2021-07-27,PET,0.23,0,30,0.23
448,2021-07-27,SFA,3.52,13227,30,3.4867
449,2021-07-27,SFT,5.1,6122,30,5.1
450,2021-07-27,SGH,0.498,1300,30,0.498
451,2021-07-27,SKEH,22.4,0,30,22.4
452,2021-07-27,SNRG,0.645,1619,30,0.645
453,2021-07-27,SPH,7.3,45,30,7.3
454,2021-07-27,T57,3.48,1470,30,3.5075
455,2021-07-27,TBS,13.5,200,30,13.5
456,2021-07-27,TOPL,2.1,396,30,2.1
457,2021-07-27,TXIM,3,0,30,3
458,2021-07-27,YGAG,5,0,30,5.0847
459,2021-07-27,ZHBG,0.136,15600,30,0.1364
460,2021-07-27,ZLP,2.46,0,30,2.4258
461,2021-07-28,A4L,18.1,1136,30,18.0935
462,2021-07-28,ALB,34.4,183,30,34.4
463,2021-07-28,ALCM,9.5,330,30,9.5
464,2021-07-28,ATER,2.59,20900,30,2.5502
465,2021-07-28,BREF,2.28,5324,30,2.2595
466,2021-07-28,CCB,1,5495,30,1
467,2021-07-28,CHIM,0.854,2052,30,0.8502
468,2021-07-28,DUH,6.7,1566,30,6.6937
469,2021-07-28,EAC,1.08,5537,30,1.0702
470,2021-07-28,ELHM,0.77,0,30,0.7974
471,2021-07-28,EMKA,3.66,340,30,3.6129
472,2021-07-28,EUBG,2.6,8307,30,2.5822
473,2021-07-28,FIB,1.71,360,30,1.71
474,2021-07-28,FZLS,18,1475,30,18
475,2021-07-28,GAMZ,3.8,10,30,3.8
476,2021-07-28,GR6,1.47,8346,30,1.47
477,2021-07-28,HCEN,33,0,30,33
478,2021-07-28,HES,5.8,2206,30,5.8039
479,2021-07-28,HIKA,3,843,30,3
480,2021-07-28,HNVK,18.4,0,30,18.232
481,2021-07-28,HRZ,2.66,0,30,2.66
482,2021-07-28,HSI,2.6,0,30,2.6
483,2021-07-28,HSOF,3.44,150,30,3.45
484,2021-07-28,HVAR,40.2,50,30,40.092
485,2021-07-28,IDH,2.36,0,30,2.36
486,2021-07-28,IHB,1.51,12700,30,1.5248
487,2021-07-28,KBG,8.25,60,30,8.25
488,2021-07-28,LAV,3.8,0,30,3.8
489,2021-07-28,MONB,6,5074,30,6.0382
490,2021-07-28,MSH,7.5,100,30,7.65
491,2021-07-28,NEOH,26.4,24,30,26.4
492,2021-07-28,ODES,105,0,30,107.15
493,2021-07-28,PET,0.23,0,30,0.23
494,2021-07-28,SFA,3.52,5650,30,3.4818
495,2021-07-28,SFT,5.15,1000,30,5.127
496,2021-07-28,SGH,0.486,1470,30,0.485
497,2021-07-28,SKEH,22.4,0,30,22.4
498,2021-07-28,SNRG,0.645,0,30,0.645
499,2021-07-28,SPH,7.3,0,30,7.3
500,2021-07-28,T57,3.46,1500,30,3.4653
501,2021-07-28,TBS,13.5,1234,30,13.56
502,2021-07-28,TOPL,2.1,0,30,2.1
503,2021-07-28,TXIM,3,0,30,3
504,2021-07-28,YGAG,5,0,30,5.0847
505,2021-07-28,ZHBG,0.136,0,30,0.1364
506,2021-07-28,ZLP,2.46,0,30,2.4258
507,2021-07-29,A4L,17.9,1550,30,17.9742
508,2021-07-29,ALB,34.4,0,30,34.4
509,2021-07-29,ALCM,9.6,1275,30,9.6
510,2021-07-29,ATER,2.58,6771,30,2.5633
511,2021-07-29,BREF,2.3,5350,30,2.2907
512,2021-07-29,CCB,1.04,8845,30,1.0275
513,2021-07-29,CHIM,0.862,2802,30,0.8544
514,2021-07-29,DUH,6.9,2731,30,6.8633
515,2021-07-29,EAC,1.07,6459,30,1.07
516,2021-07-29,ELHM,0.85,2294,30,0.8438
517,2021-07-29,EMKA,3.58,3910,30,3.58
518,2021-07-29,EUBG,2.54,12410,30,2.582
519,2021-07-29,FIB,1.7,10250,30,1.7097
520,2021-07-29,FZLS,19.4,4800,30,19.0335
521,2021-07-29,GAMZ,3.8,0,30,3.8
522,2021-07-29,GR6,1.46,1860,30,1.4694
523,2021-07-29,HCEN,33.8,25,30,33.8
524,2021-07-29,HES,5.8,617,30,5.8
525,2021-07-29,HIKA,3,200,30,3
526,2021-07-29,HNVK,18.4,0,30,18.232
527,2021-07-29,HRZ,2.66,0,30,2.66
528,2021-07-29,HSI,2.6,0,30,2.6
529,2021-07-29,HSOF,3.44,0,30,3.45
530,2021-07-29,HVAR,40.2,10,30,40.2
531,2021-07-29,IDH,2.36,0,30,2.36
532,2021-07-29,IHB,1.7,16277,30,1.6471
533,2021-07-29,KBG,8.3,275,30,8.2878
534,2021-07-29,LAV,3.8,0,30,3.8
535,2021-07-29,MONB,6.15,1764,30,6.117
536,2021-07-29,MSH,7.65,298,30,7.65
537,2021-07-29,NEOH,27,1188,30,27.1337
538,2021-07-29,ODES,103,44,30,102.0227
539,2021-07-29,PET,0.23,0,30,0.23
540,2021-07-29,SFA,3.48,6800,30,3.48
541,2021-07-29,SFT,5.15,250,30,5.15
542,2021-07-29,SGH,0.51,12117,30,0.4953
543,2021-07-29,SKEH,22.4,0,30,22.4
544,2021-07-29,SNRG,0.645,0,30,0.645
545,2021-07-29,SPH,7.3,1700,30,7.3
546,2021-07-29,T57,3.6,600,30,3.4667
547,2021-07-29,TBS,13.5,3194,30,13.5473
548,2021-07-29,TOPL,2.1,0,30,2.1
549,2021-07-29,TXIM,3,100,30,3
550,2021-07-29,YGAG,5,0,30,5.0847
551,2021-07-29,ZHBG,0.136,0,30,0.1364
552,2021-07-29,ZLP,2.46,0,30,2.4258
553,2021-07-30,A4L,17.7,418,30,17.7478
554,2021-07-30,ALB,35,423,30,34.9243
555,2021-07-30,ALCM,9.25,1400,30,9.6214
556,2021-07-30,ATER,2.64,27363,30,2.6341
557,2021-07-30,BREF,2.3,7660,30,2.2805
558,2021-07-30,CCB,1.05,8980,30,1.0457
559,2021-07-30,CHIM,0.868,11580,30,0.8653
560,2021-07-30,DUH,6.76,50,30,6.76
561,2021-07-30,EAC,1.08,5000,30,1.0748
562,2021-07-30,ELHM,0.79,7600,30,0.7959
563,2021-07-30,EMKA,3.6,2612,30,3.5934
564,2021-07-30,EUBG,2.5,11125,30,2.518
565,2021-07-30,FIB,1.7,700,30,1.7057
566,2021-07-30,FZLS,19.2,150,30,19.2
567,2021-07-30,GAMZ,3.8,0,30,3.8
568,2021-07-30,GR6,1.46,8000,30,1.46
569,2021-07-30,HCEN,34.2,25,30,34.2
570,2021-07-30,HES,5.85,1276,30,5.8515
571,2021-07-30,HIKA,3.02,650,30,3.02
572,2021-07-30,HNVK,18.4,0,30,18.232
573,2021-07-30,HRZ,2.66,0,30,2.66
574,2021-07-30,HSI,2.6,0,30,2.6
575,2021-07-30,HSOF,3.44,0,30,3.45
576,2021-07-30,HVAR,40,260,30,39.9923
577,2021-07-30,IDH,2.36,0,30,2.36
578,2021-07-30,IHB,1.61,7800,30,1.6057
579,2021-07-30,KBG,8.3,0,30,8.2878
580,2021-07-30,LAV,3.8,0,30,3.8
581,2021-07-30,MONB,6.1,2031,30,6.1057
582,2021-07-30,MSH,7.65,0,30,7.65
583,2021-07-30,NEOH,27.2,557,30,27.0399
584,2021-07-30,ODES,103,0,30,102.0227
585,2021-07-30,PET,0.23,0,30,0.23
586,2021-07-30,SFA,3.48,5500,30,3.48
587,2021-07-30,SFT,5.15,0,30,5.15
588,2021-07-30,SGH,0.51,0,30,0.4953
589,2021-07-30,SKEH,22.4,0,30,22.4
590,2021-07-30,SNRG,0.75,1017,30,0.6892
591,2021-07-30,SPH,7.4,882,30,7.308
592,2021-07-30,T57,3.6,213,30,3.6
593,2021-07-30,TBS,13.6,361,30,13.5554
594,2021-07-30,TOPL,2.1,0,30,2.1
595,2021-07-30,TXIM,3,0,30,3
596,2021-07-30,YGAG,5,0,30,5.0847
597,2021-07-30,ZHBG,0.136,0,30,0.1364
598,2021-07-30,ZLP,2.46,0,30,2.4258
599,2021-08-05,A4L,17.2,3653,31,17.1269
600,2021-08-05,ALB,34.2,40,31,34.2
601,2021-08-05,ALCM,8.75,0,31,8.8064
602,2021-08-05,ATER,2.67,1339,31,2.6789
603,2021-08-05,BREF,2.37,15890,31,2.38
604,2021-08-05,CCB,1.09,9700,31,1.0822
605,2021-08-05,CHIM,0.958,63865,31,0.9323
606,2021-08-05,DUH,7.02,5621,31,6.9441
607,2021-08-05,EAC,1.08,8260,31,1.08
608,2021-08-05,ELHM,0.825,1196,31,0.8012
609,2021-08-05,EMKA,3.5,415,31,3.5
610,2021-08-05,EUBG,2.56,11200,31,2.5373
611,2021-08-05,FIB,1.79,8034,31,1.7853
612,2021-08-05,FZLS,19,0,31,19.0019
613,2021-08-05,GAMZ,3.8,0,31,3.8
614,2021-08-05,GR6,1.47,266,31,1.47
615,2021-08-05,HCEN,34.2,0,31,34.2
616,2021-08-05,HES,5.75,0,31,5.7994
617,2021-08-05,HIKA,2.9,100,31,2.9
618,2021-08-05,HNVK,18.4,0,31,18.232
619,2021-08-05,HRZ,2.66,0,31,2.66
620,2021-08-05,HSI,2.6,0,31,2.6
621,2021-08-05,HSOF,3.44,0,31,3.45
622,2021-08-05,HVAR,40.2,60,31,40.15
623,2021-08-05,IDH,2.36,0,31,2.36
624,2021-08-05,IHB,1.56,6220,31,1.56
625,2021-08-05,KBG,8.4,70,31,8.4
626,2021-08-05,LAV,3.8,0,31,3.8
627,2021-08-05,MONB,6.1,393,31,6.1
628,2021-08-05,MSH,7.35,0,31,7.1963
629,2021-08-05,NEOH,28,172,31,28
630,2021-08-05,ODES,106,10,31,106
631,2021-08-05,PET,0.102,0,31,0.102
632,2021-08-05,SFA,3.5,765,31,3.4948
633,2021-08-05,SFT,5.2,800,31,5.2
634,2021-08-05,SGH,0.51,0,31,0.5097
635,2021-08-05,SKEH,22.4,0,31,22.4
636,2021-08-05,SNRG,0.75,0,31,0.6892
637,2021-08-05,SPH,7.05,540,31,7.0371
638,2021-08-05,T57,3.46,0,31,3.4492
639,2021-08-05,TBS,13.5,783,31,13.504
640,2021-08-05,TOPL,2.1,0,31,2.1
641,2021-08-05,TXIM,3,0,31,3
642,2021-08-05,YGAG,6.05,13,31,6.05
643,2021-08-05,ZHBG,0.155,42055,31,0.1514
644,2021-08-05,ZLP,1.35,0,31,1.3862
