[{"Name": "3M", "Sector": "Industrials", "Symbol": "MMM"},{"Name": "A. O. Smith", "Sector": "Industrials", "Symbol": "AOS"},{"Name": "Abbott Laboratories", "Sector": "Health Care", "Symbol": "ABT"},{"Name": "AbbVie", "Sector": "Health Care", "Symbol": "ABBV"},{"Name": "Abiomed", "Sector": "Health Care", "Symbol": "ABMD"},{"Name": "Accenture", "Sector": "Information Technology", "Symbol": "ACN"},{"Name": "Activision Blizzard", "Sector": "Communication Services", "Symbol": "ATVI"},{"Name": "ADM", "Sector": "Consumer Staples", "Symbol": "ADM"},{"Name": "Adobe", "Sector": "Information Technology", "Symbol": "ADBE"},{"Name": "Advance Auto Parts", "Sector": "Consumer Discretionary", "Symbol": "AAP"},{"Name": "Advanced Micro Devices", "Sector": "Information Technology", "Symbol": "AMD"},{"Name": "AES Corp", "Sector": "Utilities", "Symbol": "AES"},{"Name": "Aflac", "Sector": "Financials", "Symbol": "AFL"},{"Name": "Agilent Technologies", "Sector": "Health Care", "Symbol": "A"},{"Name": "Air Products & Chemicals", "Sector": "Materials", "Symbol": "APD"},{"Name": "Akamai Technologies", "Sector": "Information Technology", "Symbol": "AKAM"},{"Name": "Alaska Air Group", "Sector": "Industrials", "Symbol": "ALK"},{"Name": "Albemarle Corporation", "Sector": "Materials", "Symbol": "ALB"},{"Name": "Alexandria Real Estate Equities", "Sector": "Real Estate", "Symbol": "ARE"},{"Name": "Align Technology", "Sector": "Health Care", "Symbol": "ALGN"},{"Name": "Allegion", "Sector": "Industrials", "Symbol": "ALLE"},{"Name": "Alliant Energy", "Sector": "Utilities", "Symbol": "LNT"},{"Name": "Allstate Corp", "Sector": "Financials", "Symbol": "ALL"},{"Name": "Alphabet (Class A)", "Sector": "Communication Services", "Symbol": "GOOGL"},{"Name": "Alphabet (Class C)", "Sector": "Communication Services", "Symbol": "GOOG"},{"Name": "Altria Group", "Sector": "Consumer Staples", "Symbol": "MO"},{"Name": "Amazon", "Sector": "Consumer Discretionary", "Symbol": "AMZN"},{"Name": "Amcor", "Sector": "Materials", "Symbol": "AMCR"},{"Name": "Ameren Corp", "Sector": "Utilities", "Symbol": "AEE"},{"Name": "American Airlines Group", "Sector": "Industrials", "Symbol": "AAL"},{"Name": "American Electric Power", "Sector": "Utilities", "Symbol": "AEP"},{"Name": "American Express", "Sector": "Financials", "Symbol": "AXP"},{"Name": "American International Group", "Sector": "Financials", "Symbol": "AIG"},{"Name": "American Tower", "Sector": "Real Estate", "Symbol": "AMT"},{"Name": "American Water Works", "Sector": "Utilities", "Symbol": "AWK"},{"Name": "Ameriprise Financial", "Sector": "Financials", "Symbol": "AMP"},{"Name": "AmerisourceBergen", "Sector": "Health Care", "Symbol": "ABC"},{"Name": "Ametek", "Sector": "Industrials", "Symbol": "AME"},{"Name": "Amgen", "Sector": "Health Care", "Symbol": "AMGN"},{"Name": "Amphenol", "Sector": "Information Technology", "Symbol": "APH"},{"Name": "Analog Devices", "Sector": "Information Technology", "Symbol": "ADI"},{"Name": "Ansys", "Sector": "Information Technology", "Symbol": "ANSS"},{"Name": "Anthem", "Sector": "Health Care", "Symbol": "ANTM"},{"Name": "Aon", "Sector": "Financials", "Symbol": "AON"},{"Name": "APA Corporation", "Sector": "Energy", "Symbol": "APA"},{"Name": "Apple", "Sector": "Information Technology", "Symbol": "AAPL"},{"Name": "Applied Materials", "Sector": "Information Technology", "Symbol": "AMAT"},{"Name": "Aptiv", "Sector": "Consumer Discretionary", "Symbol": "APTV"},{"Name": "Arista Networks", "Sector": "Information Technology", "Symbol": "ANET"},{"Name": "Arthur J. Gallagher & Co.", "Sector": "Financials", "Symbol": "AJG"},{"Name": "Assurant", "Sector": "Financials", "Symbol": "AIZ"},{"Name": "AT&T", "Sector": "Communication Services", "Symbol": "T"},{"Name": "Atmos Energy", "Sector": "Utilities", "Symbol": "ATO"},{"Name": "Autodesk", "Sector": "Information Technology", "Symbol": "ADSK"},{"Name": "Automatic Data Processing", "Sector": "Information Technology", "Symbol": "ADP"},{"Name": "AutoZone", "Sector": "Consumer Discretionary", "Symbol": "AZO"},{"Name": "AvalonBay Communities", "Sector": "Real Estate", "Symbol": "AVB"},{"Name": "Avery Dennison", "Sector": "Materials", "Symbol": "AVY"},{"Name": "Baker Hughes", "Sector": "Energy", "Symbol": "BKR"},{"Name": "Ball Corp", "Sector": "Materials", "Symbol": "BLL"},{"Name": "Bank of America", "Sector": "Financials", "Symbol": "BAC"},{"Name": "Bath & Body Works Inc.", "Sector": "Consumer Discretionary", "Symbol": "BBWI"},{"Name": "Baxter International", "Sector": "Health Care", "Symbol": "BAX"},{"Name": "Becton Dickinson", "Sector": "Health Care", "Symbol": "BDX"},{"Name": "Berkshire Hathaway", "Sector": "Financials", "Symbol": "BRK.B"},{"Name": "Best Buy", "Sector": "Consumer Discretionary", "Symbol": "BBY"},{"Name": "Bio-Rad Laboratories", "Sector": "Health Care", "Symbol": "BIO"},{"Name": "Bio-Techne", "Sector": "Health Care", "Symbol": "TECH"},{"Name": "Biogen", "Sector": "Health Care", "Symbol": "BIIB"},{"Name": "BlackRock", "Sector": "Financials", "Symbol": "BLK"},{"Name": "BNY Mellon", "Sector": "Financials", "Symbol": "BK"},{"Name": "Boeing", "Sector": "Industrials", "Symbol": "BA"},{"Name": "Booking Holdings", "Sector": "Consumer Discretionary", "Symbol": "BKNG"},{"Name": "BorgWarner", "Sector": "Consumer Discretionary", "Symbol": "BWA"},{"Name": "Boston Properties", "Sector": "Real Estate", "Symbol": "BXP"},{"Name": "Boston Scientific", "Sector": "Health Care", "Symbol": "BSX"},{"Name": "Bristol Myers Squibb", "Sector": "Health Care", "Symbol": "BMY"},{"Name": "Broadcom", "Sector": "Information Technology", "Symbol": "AVGO"},{"Name": "Broadridge Financial Solutions", "Sector": "Information Technology", "Symbol": "BR"},{"Name": "Brown & Brown", "Sector": "Financials", "Symbol": "BRO"},{"Name": "Brown\u2013Forman", "Sector": "Consumer Staples", "Symbol": "BF.B"},{"Name": "C. H. Robinson", "Sector": "Industrials", "Symbol": "CHRW"},{"Name": "Cadence Design Systems", "Sector": "Information Technology", "Symbol": "CDNS"},{"Name": "Caesars Entertainment", "Sector": "Consumer Discretionary", "Symbol": "CZR"},{"Name": "Campbell Soup", "Sector": "Consumer Staples", "Symbol": "CPB"},{"Name": "Capital One Financial", "Sector": "Financials", "Symbol": "COF"},{"Name": "Cardinal Health", "Sector": "Health Care", "Symbol": "CAH"},{"Name": "CarMax", "Sector": "Consumer Discretionary", "Symbol": "KMX"},{"Name": "Carnival Corporation", "Sector": "Consumer Discretionary", "Symbol": "CCL"},{"Name": "Carrier Global", "Sector": "Industrials", "Symbol": "CARR"},{"Name": "Catalent", "Sector": "Health Care", "Symbol": "CTLT"},{"Name": "Caterpillar", "Sector": "Industrials", "Symbol": "CAT"},{"Name": "Cboe Global Markets", "Sector": "Financials", "Symbol": "CBOE"},{"Name": "CBRE", "Sector": "Real Estate", "Symbol": "CBRE"},{"Name": "CDW", "Sector": "Information Technology", "Symbol": "CDW"},{"Name": "Celanese", "Sector": "Materials", "Symbol": "CE"},{"Name": "Centene Corporation", "Sector": "Health Care", "Symbol": "CNC"},{"Name": "CenterPoint Energy", "Sector": "Utilities", "Symbol": "CNP"},{"Name": "Ceridian", "Sector": "Information Technology", "Symbol": "CDAY"},{"Name": "Cerner", "Sector": "Health Care", "Symbol": "CERN"},{"Name": "CF Industries", "Sector": "Materials", "Symbol": "CF"},{"Name": "Charles River Laboratories", "Sector": "Health Care", "Symbol": "CRL"},{"Name": "Charles Schwab Corporation", "Sector": "Financials", "Symbol": "SCHW"},{"Name": "Charter Communications", "Sector": "Communication Services", "Symbol": "CHTR"},{"Name": "Chevron Corporation", "Sector": "Energy", "Symbol": "CVX"},{"Name": "Chipotle Mexican Grill", "Sector": "Consumer Discretionary", "Symbol": "CMG"},{"Name": "Chubb", "Sector": "Financials", "Symbol": "CB"},{"Name": "Church & Dwight", "Sector": "Consumer Staples", "Symbol": "CHD"},{"Name": "Cigna", "Sector": "Health Care", "Symbol": "CI"},{"Name": "Cincinnati Financial", "Sector": "Financials", "Symbol": "CINF"},{"Name": "Cintas Corporation", "Sector": "Industrials", "Symbol": "CTAS"},{"Name": "Cisco Systems", "Sector": "Information Technology", "Symbol": "CSCO"},{"Name": "Citigroup", "Sector": "Financials", "Symbol": "C"},{"Name": "Citizens Financial Group", "Sector": "Financials", "Symbol": "CFG"},{"Name": "Citrix Systems", "Sector": "Information Technology", "Symbol": "CTXS"},{"Name": "Clorox", "Sector": "Consumer Staples", "Symbol": "CLX"},{"Name": "CME Group", "Sector": "Financials", "Symbol": "CME"},{"Name": "CMS Energy", "Sector": "Utilities", "Symbol": "CMS"},{"Name": "Coca-Cola Company", "Sector": "Consumer Staples", "Symbol": "KO"},{"Name": "Cognizant Technology Solutions", "Sector": "Information Technology", "Symbol": "CTSH"},{"Name": "Colgate-Palmolive", "Sector": "Consumer Staples", "Symbol": "CL"},{"Name": "Comcast", "Sector": "Communication Services", "Symbol": "CMCSA"},{"Name": "Comerica", "Sector": "Financials", "Symbol": "CMA"},{"Name": "Conagra Brands", "Sector": "Consumer Staples", "Symbol": "CAG"},{"Name": "ConocoPhillips", "Sector": "Energy", "Symbol": "COP"},{"Name": "Consolidated Edison", "Sector": "Utilities", "Symbol": "ED"},{"Name": "Constellation Brands", "Sector": "Consumer Staples", "Symbol": "STZ"},{"Name": "Copart", "Sector": "Industrials", "Symbol": "CPRT"},{"Name": "Corning", "Sector": "Information Technology", "Symbol": "GLW"},{"Name": "Corteva", "Sector": "Materials", "Symbol": "CTVA"},{"Name": "Costco", "Sector": "Consumer Staples", "Symbol": "COST"},{"Name": "Coterra", "Sector": "Energy", "Symbol": "CTRA"},{"Name": "Crown Castle", "Sector": "Real Estate", "Symbol": "CCI"},{"Name": "CSX", "Sector": "Industrials", "Symbol": "CSX"},{"Name": "Cummins", "Sector": "Industrials", "Symbol": "CMI"},{"Name": "CVS Health", "Sector": "Health Care", "Symbol": "CVS"},{"Name": "D. R. Horton", "Sector": "Consumer Discretionary", "Symbol": "DHI"},{"Name": "Danaher Corporation", "Sector": "Health Care", "Symbol": "DHR"},{"Name": "Darden Restaurants", "Sector": "Consumer Discretionary", "Symbol": "DRI"},{"Name": "DaVita", "Sector": "Health Care", "Symbol": "DVA"},{"Name": "Deere & Co.", "Sector": "Industrials", "Symbol": "DE"},{"Name": "Delta Air Lines", "Sector": "Industrials", "Symbol": "DAL"},{"Name": "Dentsply Sirona", "Sector": "Health Care", "Symbol": "XRAY"},{"Name": "Devon Energy", "Sector": "Energy", "Symbol": "DVN"},{"Name": "DexCom", "Sector": "Health Care", "Symbol": "DXCM"},{"Name": "Diamondback Energy", "Sector": "Energy", "Symbol": "FANG"},{"Name": "Digital Realty Trust", "Sector": "Real Estate", "Symbol": "DLR"},{"Name": "Discover Financial Services", "Sector": "Financials", "Symbol": "DFS"},{"Name": "Discovery (Series A)", "Sector": "Communication Services", "Symbol": "DISCA"},{"Name": "Discovery (Series C)", "Sector": "Communication Services", "Symbol": "DISCK"},{"Name": "Dish Network", "Sector": "Communication Services", "Symbol": "DISH"},{"Name": "Dollar General", "Sector": "Consumer Discretionary", "Symbol": "DG"},{"Name": "Dollar Tree", "Sector": "Consumer Discretionary", "Symbol": "DLTR"},{"Name": "Dominion Energy", "Sector": "Utilities", "Symbol": "D"},{"Name": "Domino's Pizza", "Sector": "Consumer Discretionary", "Symbol": "DPZ"},{"Name": "Dover Corporation", "Sector": "Industrials", "Symbol": "DOV"},{"Name": "Dow", "Sector": "Materials", "Symbol": "DOW"},{"Name": "DTE Energy", "Sector": "Utilities", "Symbol": "DTE"},{"Name": "Duke Energy", "Sector": "Utilities", "Symbol": "DUK"},{"Name": "Duke Realty Corp", "Sector": "Real Estate", "Symbol": "DRE"},{"Name": "DuPont", "Sector": "Materials", "Symbol": "DD"},{"Name": "DXC Technology", "Sector": "Information Technology", "Symbol": "DXC"},{"Name": "Eastman Chemical", "Sector": "Materials", "Symbol": "EMN"},{"Name": "Eaton Corporation", "Sector": "Industrials", "Symbol": "ETN"},{"Name": "eBay", "Sector": "Consumer Discretionary", "Symbol": "EBAY"},{"Name": "Ecolab", "Sector": "Materials", "Symbol": "ECL"},{"Name": "Edison International", "Sector": "Utilities", "Symbol": "EIX"},{"Name": "Edwards Lifesciences", "Sector": "Health Care", "Symbol": "EW"},{"Name": "Electronic Arts", "Sector": "Communication Services", "Symbol": "EA"},{"Name": "Eli Lilly & Co", "Sector": "Health Care", "Symbol": "LLY"},{"Name": "Emerson Electric Company", "Sector": "Industrials", "Symbol": "EMR"},{"Name": "Enphase Energy", "Sector": "Information Technology", "Symbol": "ENPH"},{"Name": "Entergy", "Sector": "Utilities", "Symbol": "ETR"},{"Name": "EOG Resources", "Sector": "Energy", "Symbol": "EOG"},{"Name": "Equifax", "Sector": "Industrials", "Symbol": "EFX"},{"Name": "Equinix", "Sector": "Real Estate", "Symbol": "EQIX"},{"Name": "Equity Residential", "Sector": "Real Estate", "Symbol": "EQR"},{"Name": "Essex Property Trust", "Sector": "Real Estate", "Symbol": "ESS"},{"Name": "Est\u00e9e Lauder Companies", "Sector": "Consumer Staples", "Symbol": "EL"},{"Name": "Etsy", "Sector": "Consumer Discretionary", "Symbol": "ETSY"},{"Name": "Everest Re", "Sector": "Financials", "Symbol": "RE"},{"Name": "Evergy", "Sector": "Utilities", "Symbol": "EVRG"},{"Name": "Eversource Energy", "Sector": "Utilities", "Symbol": "ES"},{"Name": "Exelon", "Sector": "Utilities", "Symbol": "EXC"},{"Name": "Expedia Group", "Sector": "Consumer Discretionary", "Symbol": "EXPE"},{"Name": "Expeditors", "Sector": "Industrials", "Symbol": "EXPD"},{"Name": "Extra Space Storage", "Sector": "Real Estate", "Symbol": "EXR"},{"Name": "ExxonMobil", "Sector": "Energy", "Symbol": "XOM"},{"Name": "F5 Networks", "Sector": "Information Technology", "Symbol": "FFIV"},{"Name": "Facebook", "Sector": "Communication Services", "Symbol": "FB"},{"Name": "Fastenal", "Sector": "Industrials", "Symbol": "FAST"},{"Name": "Federal Realty Investment Trust", "Sector": "Real Estate", "Symbol": "FRT"},{"Name": "FedEx", "Sector": "Industrials", "Symbol": "FDX"},{"Name": "Fidelity National Information Services", "Sector": "Information Technology", "Symbol": "FIS"},{"Name": "Fifth Third Bancorp", "Sector": "Financials", "Symbol": "FITB"},{"Name": "First Republic Bank", "Sector": "Financials", "Symbol": "FRC"},{"Name": "FirstEnergy", "Sector": "Utilities", "Symbol": "FE"},{"Name": "Fiserv", "Sector": "Information Technology", "Symbol": "FISV"},{"Name": "Fleetcor", "Sector": "Information Technology", "Symbol": "FLT"},{"Name": "FMC Corporation", "Sector": "Materials", "Symbol": "FMC"},{"Name": "Ford", "Sector": "Consumer Discretionary", "Symbol": "F"},{"Name": "Fortinet", "Sector": "Information Technology", "Symbol": "FTNT"},{"Name": "Fortive", "Sector": "Industrials", "Symbol": "FTV"},{"Name": "Fortune Brands Home & Security", "Sector": "Industrials", "Symbol": "FBHS"},{"Name": "Fox Corporation (Class A)", "Sector": "Communication Services", "Symbol": "FOXA"},{"Name": "Fox Corporation (Class B)", "Sector": "Communication Services", "Symbol": "FOX"},{"Name": "Franklin Resources", "Sector": "Financials", "Symbol": "BEN"},{"Name": "Freeport-McMoRan", "Sector": "Materials", "Symbol": "FCX"},{"Name": "Gap", "Sector": "Consumer Discretionary", "Symbol": "GPS"},{"Name": "Garmin", "Sector": "Consumer Discretionary", "Symbol": "GRMN"},{"Name": "Gartner", "Sector": "Information Technology", "Symbol": "IT"},{"Name": "Generac Holdings", "Sector": "Industrials", "Symbol": "GNRC"},{"Name": "General Dynamics", "Sector": "Industrials", "Symbol": "GD"},{"Name": "General Electric", "Sector": "Industrials", "Symbol": "GE"},{"Name": "General Mills", "Sector": "Consumer Staples", "Symbol": "GIS"},{"Name": "General Motors", "Sector": "Consumer Discretionary", "Symbol": "GM"},{"Name": "Genuine Parts", "Sector": "Consumer Discretionary", "Symbol": "GPC"},{"Name": "Gilead Sciences", "Sector": "Health Care", "Symbol": "GILD"},{"Name": "Global Payments", "Sector": "Information Technology", "Symbol": "GPN"},{"Name": "Globe Life", "Sector": "Financials", "Symbol": "GL"},{"Name": "Goldman Sachs", "Sector": "Financials", "Symbol": "GS"},{"Name": "Halliburton", "Sector": "Energy", "Symbol": "HAL"},{"Name": "Hanesbrands", "Sector": "Consumer Discretionary", "Symbol": "HBI"},{"Name": "Hasbro", "Sector": "Consumer Discretionary", "Symbol": "HAS"},{"Name": "HCA Healthcare", "Sector": "Health Care", "Symbol": "HCA"},{"Name": "Healthpeak Properties", "Sector": "Real Estate", "Symbol": "PEAK"},{"Name": "Henry Schein", "Sector": "Health Care", "Symbol": "HSIC"},{"Name": "Hess Corporation", "Sector": "Energy", "Symbol": "HES"},{"Name": "Hewlett Packard Enterprise", "Sector": "Information Technology", "Symbol": "HPE"},{"Name": "Hilton Worldwide", "Sector": "Consumer Discretionary", "Symbol": "HLT"},{"Name": "Hologic", "Sector": "Health Care", "Symbol": "HOLX"},{"Name": "Home Depot", "Sector": "Consumer Discretionary", "Symbol": "HD"},{"Name": "Honeywell", "Sector": "Industrials", "Symbol": "HON"},{"Name": "Hormel", "Sector": "Consumer Staples", "Symbol": "HRL"},{"Name": "Host Hotels & Resorts", "Sector": "Real Estate", "Symbol": "HST"},{"Name": "Howmet Aerospace", "Sector": "Industrials", "Symbol": "HWM"},{"Name": "HP", "Sector": "Information Technology", "Symbol": "HPQ"},{"Name": "Humana", "Sector": "Health Care", "Symbol": "HUM"},{"Name": "Huntington Bancshares", "Sector": "Financials", "Symbol": "HBAN"},{"Name": "Huntington Ingalls Industries", "Sector": "Industrials", "Symbol": "HII"},{"Name": "IBM", "Sector": "Information Technology", "Symbol": "IBM"},{"Name": "IDEX Corporation", "Sector": "Industrials", "Symbol": "IEX"},{"Name": "Idexx Laboratories", "Sector": "Health Care", "Symbol": "IDXX"},{"Name": "IHS Markit", "Sector": "Industrials", "Symbol": "INFO"},{"Name": "Illinois Tool Works", "Sector": "Industrials", "Symbol": "ITW"},{"Name": "Illumina", "Sector": "Health Care", "Symbol": "ILMN"},{"Name": "Incyte", "Sector": "Health Care", "Symbol": "INCY"},{"Name": "Ingersoll Rand", "Sector": "Industrials", "Symbol": "IR"},{"Name": "Intel", "Sector": "Information Technology", "Symbol": "INTC"},{"Name": "Intercontinental Exchange", "Sector": "Financials", "Symbol": "ICE"},{"Name": "International Flavors & Fragrances", "Sector": "Materials", "Symbol": "IFF"},{"Name": "International Paper", "Sector": "Materials", "Symbol": "IP"},{"Name": "Interpublic Group", "Sector": "Communication Services", "Symbol": "IPG"},{"Name": "Intuit", "Sector": "Information Technology", "Symbol": "INTU"},{"Name": "Intuitive Surgical", "Sector": "Health Care", "Symbol": "ISRG"},{"Name": "Invesco", "Sector": "Financials", "Symbol": "IVZ"},{"Name": "IPG Photonics", "Sector": "Information Technology", "Symbol": "IPGP"},{"Name": "IQVIA", "Sector": "Health Care", "Symbol": "IQV"},{"Name": "Iron Mountain", "Sector": "Real Estate", "Symbol": "IRM"},{"Name": "J. B. Hunt", "Sector": "Industrials", "Symbol": "JBHT"},{"Name": "Jack Henry & Associates", "Sector": "Information Technology", "Symbol": "JKHY"},{"Name": "Jacobs Engineering Group", "Sector": "Industrials", "Symbol": "J"},{"Name": "JM Smucker", "Sector": "Consumer Staples", "Symbol": "SJM"},{"Name": "Johnson & Johnson", "Sector": "Health Care", "Symbol": "JNJ"},{"Name": "Johnson Controls", "Sector": "Industrials", "Symbol": "JCI"},{"Name": "JPMorgan Chase", "Sector": "Financials", "Symbol": "JPM"},{"Name": "Juniper Networks", "Sector": "Information Technology", "Symbol": "JNPR"},{"Name": "Kansas City Southern", "Sector": "Industrials", "Symbol": "KSU"},{"Name": "Kellogg's", "Sector": "Consumer Staples", "Symbol": "K"},{"Name": "KeyCorp", "Sector": "Financials", "Symbol": "KEY"},{"Name": "Keysight Technologies", "Sector": "Information Technology", "Symbol": "KEYS"},{"Name": "Kimberly-Clark", "Sector": "Consumer Staples", "Symbol": "KMB"},{"Name": "Kimco Realty", "Sector": "Real Estate", "Symbol": "KIM"},{"Name": "Kinder Morgan", "Sector": "Energy", "Symbol": "KMI"},{"Name": "KLA Corporation", "Sector": "Information Technology", "Symbol": "KLAC"},{"Name": "Kraft Heinz", "Sector": "Consumer Staples", "Symbol": "KHC"},{"Name": "Kroger", "Sector": "Consumer Staples", "Symbol": "KR"},{"Name": "L3Harris Technologies", "Sector": "Industrials", "Symbol": "LHX"},{"Name": "LabCorp", "Sector": "Health Care", "Symbol": "LH"},{"Name": "Lam Research", "Sector": "Information Technology", "Symbol": "LRCX"},{"Name": "Lamb Weston", "Sector": "Consumer Staples", "Symbol": "LW"},{"Name": "Las Vegas Sands", "Sector": "Consumer Discretionary", "Symbol": "LVS"},{"Name": "Leggett & Platt", "Sector": "Consumer Discretionary", "Symbol": "LEG"},{"Name": "Leidos", "Sector": "Industrials", "Symbol": "LDOS"},{"Name": "Lennar", "Sector": "Consumer Discretionary", "Symbol": "LEN"},{"Name": "Lincoln National", "Sector": "Financials", "Symbol": "LNC"},{"Name": "Linde", "Sector": "Materials", "Symbol": "LIN"},{"Name": "Live Nation Entertainment", "Sector": "Communication Services", "Symbol": "LYV"},{"Name": "LKQ Corporation", "Sector": "Consumer Discretionary", "Symbol": "LKQ"},{"Name": "Lockheed Martin", "Sector": "Industrials", "Symbol": "LMT"},{"Name": "Loews Corporation", "Sector": "Financials", "Symbol": "L"},{"Name": "Lowe's", "Sector": "Consumer Discretionary", "Symbol": "LOW"},{"Name": "Lumen Technologies", "Sector": "Communication Services", "Symbol": "LUMN"},{"Name": "LyondellBasell", "Sector": "Materials", "Symbol": "LYB"},{"Name": "M&T Bank", "Sector": "Financials", "Symbol": "MTB"},{"Name": "Marathon Oil", "Sector": "Energy", "Symbol": "MRO"},{"Name": "Marathon Petroleum", "Sector": "Energy", "Symbol": "MPC"},{"Name": "MarketAxess", "Sector": "Financials", "Symbol": "MKTX"},{"Name": "Marriott International", "Sector": "Consumer Discretionary", "Symbol": "MAR"},{"Name": "Marsh & McLennan", "Sector": "Financials", "Symbol": "MMC"},{"Name": "Martin Marietta Materials", "Sector": "Materials", "Symbol": "MLM"},{"Name": "Masco", "Sector": "Industrials", "Symbol": "MAS"},{"Name": "Mastercard", "Sector": "Information Technology", "Symbol": "MA"},{"Name": "Match Group", "Sector": "Communication Services", "Symbol": "MTCH"},{"Name": "McCormick & Company", "Sector": "Consumer Staples", "Symbol": "MKC"},{"Name": "McDonald's", "Sector": "Consumer Discretionary", "Symbol": "MCD"},{"Name": "McKesson Corporation", "Sector": "Health Care", "Symbol": "MCK"},{"Name": "Medtronic", "Sector": "Health Care", "Symbol": "MDT"},{"Name": "Merck & Co.", "Sector": "Health Care", "Symbol": "MRK"},{"Name": "MetLife", "Sector": "Financials", "Symbol": "MET"},{"Name": "Mettler Toledo", "Sector": "Health Care", "Symbol": "MTD"},{"Name": "MGM Resorts International", "Sector": "Consumer Discretionary", "Symbol": "MGM"},{"Name": "Microchip Technology", "Sector": "Information Technology", "Symbol": "MCHP"},{"Name": "Micron Technology", "Sector": "Information Technology", "Symbol": "MU"},{"Name": "Microsoft", "Sector": "Information Technology", "Symbol": "MSFT"},{"Name": "Mid-America Apartments", "Sector": "Real Estate", "Symbol": "MAA"},{"Name": "Moderna", "Sector": "Health Care", "Symbol": "MRNA"},{"Name": "Mohawk Industries", "Sector": "Consumer Discretionary", "Symbol": "MHK"},{"Name": "Molson Coors Beverage Company", "Sector": "Consumer Staples", "Symbol": "TAP"},{"Name": "Mondelez International", "Sector": "Consumer Staples", "Symbol": "MDLZ"},{"Name": "Monolithic Power Systems", "Sector": "Information Technology", "Symbol": "MPWR"},{"Name": "Monster Beverage", "Sector": "Consumer Staples", "Symbol": "MNST"},{"Name": "Moody's Corporation", "Sector": "Financials", "Symbol": "MCO"},{"Name": "Morgan Stanley", "Sector": "Financials", "Symbol": "MS"},{"Name": "Motorola Solutions", "Sector": "Information Technology", "Symbol": "MSI"},{"Name": "MSCI", "Sector": "Financials", "Symbol": "MSCI"},{"Name": "Nasdaq", "Sector": "Financials", "Symbol": "NDAQ"},{"Name": "NetApp", "Sector": "Information Technology", "Symbol": "NTAP"},{"Name": "Netflix", "Sector": "Communication Services", "Symbol": "NFLX"},{"Name": "Newell Brands", "Sector": "Consumer Discretionary", "Symbol": "NWL"},{"Name": "Newmont", "Sector": "Materials", "Symbol": "NEM"},{"Name": "News Corp (Class A)", "Sector": "Communication Services", "Symbol": "NWSA"},{"Name": "News Corp (Class B)", "Sector": "Communication Services", "Symbol": "NWS"},{"Name": "NextEra Energy", "Sector": "Utilities", "Symbol": "NEE"},{"Name": "Nielsen Holdings", "Sector": "Industrials", "Symbol": "NLSN"},{"Name": "Nike", "Sector": "Consumer Discretionary", "Symbol": "NKE"},{"Name": "NiSource", "Sector": "Utilities", "Symbol": "NI"},{"Name": "Norfolk Southern", "Sector": "Industrials", "Symbol": "NSC"},{"Name": "Northern Trust", "Sector": "Financials", "Symbol": "NTRS"},{"Name": "Northrop Grumman", "Sector": "Industrials", "Symbol": "NOC"},{"Name": "NortonLifeLock", "Sector": "Information Technology", "Symbol": "NLOK"},{"Name": "Norwegian Cruise Line Holdings", "Sector": "Consumer Discretionary", "Symbol": "NCLH"},{"Name": "NRG Energy", "Sector": "Utilities", "Symbol": "NRG"},{"Name": "Nucor", "Sector": "Materials", "Symbol": "NUE"},{"Name": "Nvidia", "Sector": "Information Technology", "Symbol": "NVDA"},{"Name": "NVR", "Sector": "Consumer Discretionary", "Symbol": "NVR"},{"Name": "NXP", "Sector": "Information Technology", "Symbol": "NXPI"},{"Name": "O'Reilly Automotive", "Sector": "Consumer Discretionary", "Symbol": "ORLY"},{"Name": "Occidental Petroleum", "Sector": "Energy", "Symbol": "OXY"},{"Name": "Old Dominion Freight Line", "Sector": "Industrials", "Symbol": "ODFL"},{"Name": "Omnicom Group", "Sector": "Communication Services", "Symbol": "OMC"},{"Name": "Oneok", "Sector": "Energy", "Symbol": "OKE"},{"Name": "Oracle", "Sector": "Information Technology", "Symbol": "ORCL"},{"Name": "Organon & Co.", "Sector": "Health Care", "Symbol": "OGN"},{"Name": "Otis Worldwide", "Sector": "Industrials", "Symbol": "OTIS"},{"Name": "Paccar", "Sector": "Industrials", "Symbol": "PCAR"},{"Name": "Packaging Corporation of America", "Sector": "Materials", "Symbol": "PKG"},{"Name": "Parker-Hannifin", "Sector": "Industrials", "Symbol": "PH"},{"Name": "Paychex", "Sector": "Information Technology", "Symbol": "PAYX"},{"Name": "Paycom", "Sector": "Information Technology", "Symbol": "PAYC"},{"Name": "PayPal", "Sector": "Information Technology", "Symbol": "PYPL"},{"Name": "Penn National Gaming", "Sector": "Consumer Discretionary", "Symbol": "PENN"},{"Name": "Pentair", "Sector": "Industrials", "Symbol": "PNR"},{"Name": "People's United Financial", "Sector": "Financials", "Symbol": "PBCT"},{"Name": "PepsiCo", "Sector": "Consumer Staples", "Symbol": "PEP"},{"Name": "PerkinElmer", "Sector": "Health Care", "Symbol": "PKI"},{"Name": "Pfizer", "Sector": "Health Care", "Symbol": "PFE"},{"Name": "Philip Morris International", "Sector": "Consumer Staples", "Symbol": "PM"},{"Name": "Phillips 66", "Sector": "Energy", "Symbol": "PSX"},{"Name": "Pinnacle West Capital", "Sector": "Utilities", "Symbol": "PNW"},{"Name": "Pioneer Natural Resources", "Sector": "Energy", "Symbol": "PXD"},{"Name": "PNC Financial Services", "Sector": "Financials", "Symbol": "PNC"},{"Name": "Pool Corporation", "Sector": "Consumer Discretionary", "Symbol": "POOL"},{"Name": "PPG Industries", "Sector": "Materials", "Symbol": "PPG"},{"Name": "PPL", "Sector": "Utilities", "Symbol": "PPL"},{"Name": "Principal Financial Group", "Sector": "Financials", "Symbol": "PFG"},{"Name": "Procter & Gamble", "Sector": "Consumer Staples", "Symbol": "PG"},{"Name": "Progressive Corporation", "Sector": "Financials", "Symbol": "PGR"},{"Name": "Prologis", "Sector": "Real Estate", "Symbol": "PLD"},{"Name": "Prudential Financial", "Sector": "Financials", "Symbol": "PRU"},{"Name": "PTC", "Sector": "Information Technology", "Symbol": "PTC"},{"Name": "Public Service Enterprise Group", "Sector": "Utilities", "Symbol": "PEG"},{"Name": "Public Storage", "Sector": "Real Estate", "Symbol": "PSA"},{"Name": "PulteGroup", "Sector": "Consumer Discretionary", "Symbol": "PHM"},{"Name": "PVH", "Sector": "Consumer Discretionary", "Symbol": "PVH"},{"Name": "Qorvo", "Sector": "Information Technology", "Symbol": "QRVO"},{"Name": "Qualcomm", "Sector": "Information Technology", "Symbol": "QCOM"},{"Name": "Quanta Services", "Sector": "Industrials", "Symbol": "PWR"},{"Name": "Quest Diagnostics", "Sector": "Health Care", "Symbol": "DGX"},{"Name": "Ralph Lauren Corporation", "Sector": "Consumer Discretionary", "Symbol": "RL"},{"Name": "Raymond James Financial", "Sector": "Financials", "Symbol": "RJF"},{"Name": "Raytheon Technologies", "Sector": "Industrials", "Symbol": "RTX"},{"Name": "Realty Income Corporation", "Sector": "Real Estate", "Symbol": "O"},{"Name": "Regency Centers", "Sector": "Real Estate", "Symbol": "REG"},{"Name": "Regeneron Pharmaceuticals", "Sector": "Health Care", "Symbol": "REGN"},{"Name": "Regions Financial Corporation", "Sector": "Financials", "Symbol": "RF"},{"Name": "Republic Services", "Sector": "Industrials", "Symbol": "RSG"},{"Name": "ResMed", "Sector": "Health Care", "Symbol": "RMD"},{"Name": "Robert Half International", "Sector": "Industrials", "Symbol": "RHI"},{"Name": "Rockwell Automation", "Sector": "Industrials", "Symbol": "ROK"},{"Name": "Rollins", "Sector": "Industrials", "Symbol": "ROL"},{"Name": "Roper Technologies", "Sector": "Industrials", "Symbol": "ROP"},{"Name": "Ross Stores", "Sector": "Consumer Discretionary", "Symbol": "ROST"},{"Name": "Royal Caribbean Group", "Sector": "Consumer Discretionary", "Symbol": "RCL"},{"Name": "S&P Global", "Sector": "Financials", "Symbol": "SPGI"},{"Name": "Salesforce", "Sector": "Information Technology", "Symbol": "CRM"},{"Name": "SBA Communications", "Sector": "Real Estate", "Symbol": "SBAC"},{"Name": "Schlumberger", "Sector": "Energy", "Symbol": "SLB"},{"Name": "Seagate Technology", "Sector": "Information Technology", "Symbol": "STX"},{"Name": "Sealed Air", "Sector": "Materials", "Symbol": "SEE"},{"Name": "Sempra Energy", "Sector": "Utilities", "Symbol": "SRE"},{"Name": "ServiceNow", "Sector": "Information Technology", "Symbol": "NOW"},{"Name": "Sherwin-Williams", "Sector": "Materials", "Symbol": "SHW"},{"Name": "Simon Property Group", "Sector": "Real Estate", "Symbol": "SPG"},{"Name": "Skyworks Solutions", "Sector": "Information Technology", "Symbol": "SWKS"},{"Name": "Snap-on", "Sector": "Industrials", "Symbol": "SNA"},{"Name": "Southern Company", "Sector": "Utilities", "Symbol": "SO"},{"Name": "Southwest Airlines", "Sector": "Industrials", "Symbol": "LUV"},{"Name": "Stanley Black & Decker", "Sector": "Industrials", "Symbol": "SWK"},{"Name": "Starbucks", "Sector": "Consumer Discretionary", "Symbol": "SBUX"},{"Name": "State Street Corporation", "Sector": "Financials", "Symbol": "STT"},{"Name": "Steris", "Sector": "Health Care", "Symbol": "STE"},{"Name": "Stryker Corporation", "Sector": "Health Care", "Symbol": "SYK"},{"Name": "SVB Financial", "Sector": "Financials", "Symbol": "SIVB"},{"Name": "Synchrony Financial", "Sector": "Financials", "Symbol": "SYF"},{"Name": "Synopsys", "Sector": "Information Technology", "Symbol": "SNPS"},{"Name": "Sysco", "Sector": "Consumer Staples", "Symbol": "SYY"},{"Name": "T-Mobile US", "Sector": "Communication Services", "Symbol": "TMUS"},{"Name": "T. Rowe Price", "Sector": "Financials", "Symbol": "TROW"},{"Name": "Take-Two Interactive", "Sector": "Communication Services", "Symbol": "TTWO"},{"Name": "Tapestry", "Sector": "Consumer Discretionary", "Symbol": "TPR"},{"Name": "Target Corporation", "Sector": "Consumer Discretionary", "Symbol": "TGT"},{"Name": "TE Connectivity", "Sector": "Information Technology", "Symbol": "TEL"},{"Name": "Teledyne Technologies", "Sector": "Industrials", "Symbol": "TDY"},{"Name": "Teleflex", "Sector": "Health Care", "Symbol": "TFX"},{"Name": "Teradyne", "Sector": "Information Technology", "Symbol": "TER"},{"Name": "Tesla", "Sector": "Consumer Discretionary", "Symbol": "TSLA"},{"Name": "Texas Instruments", "Sector": "Information Technology", "Symbol": "TXN"},{"Name": "Textron", "Sector": "Industrials", "Symbol": "TXT"},{"Name": "The Cooper Companies", "Sector": "Health Care", "Symbol": "COO"},{"Name": "The Hartford", "Sector": "Financials", "Symbol": "HIG"},{"Name": "The Hershey Company", "Sector": "Consumer Staples", "Symbol": "HSY"},{"Name": "The Mosaic Company", "Sector": "Materials", "Symbol": "MOS"},{"Name": "The Travelers Companies", "Sector": "Financials", "Symbol": "TRV"},{"Name": "The Walt Disney Company", "Sector": "Communication Services", "Symbol": "DIS"},{"Name": "Thermo Fisher Scientific", "Sector": "Health Care", "Symbol": "TMO"},{"Name": "TJX Companies", "Sector": "Consumer Discretionary", "Symbol": "TJX"},{"Name": "Tractor Supply Company", "Sector": "Consumer Discretionary", "Symbol": "TSCO"},{"Name": "Trane Technologies", "Sector": "Industrials", "Symbol": "TT"},{"Name": "TransDigm Group", "Sector": "Industrials", "Symbol": "TDG"},{"Name": "Trimble", "Sector": "Information Technology", "Symbol": "TRMB"},{"Name": "Truist Financial", "Sector": "Financials", "Symbol": "TFC"},{"Name": "Twitter", "Sector": "Communication Services", "Symbol": "TWTR"},{"Name": "Tyler Technologies", "Sector": "Information Technology", "Symbol": "TYL"},{"Name": "Tyson Foods", "Sector": "Consumer Staples", "Symbol": "TSN"},{"Name": "U.S. Bancorp", "Sector": "Financials", "Symbol": "USB"},{"Name": "UDR", "Sector": "Real Estate", "Symbol": "UDR"},{"Name": "Ulta Beauty", "Sector": "Consumer Discretionary", "Symbol": "ULTA"},{"Name": "Under Armour (Class A)", "Sector": "Consumer Discretionary", "Symbol": "UAA"},{"Name": "Under Armour (Class C)", "Sector": "Consumer Discretionary", "Symbol": "UA"},{"Name": "Union Pacific", "Sector": "Industrials", "Symbol": "UNP"},{"Name": "United Airlines", "Sector": "Industrials", "Symbol": "UAL"},{"Name": "United Parcel Service", "Sector": "Industrials", "Symbol": "UPS"},{"Name": "United Rentals", "Sector": "Industrials", "Symbol": "URI"},{"Name": "UnitedHealth Group", "Sector": "Health Care", "Symbol": "UNH"},{"Name": "Universal Health Services", "Sector": "Health Care", "Symbol": "UHS"},{"Name": "Valero Energy", "Sector": "Energy", "Symbol": "VLO"},{"Name": "Ventas", "Sector": "Real Estate", "Symbol": "VTR"},{"Name": "Verisign", "Sector": "Information Technology", "Symbol": "VRSN"},{"Name": "Verisk Analytics", "Sector": "Industrials", "Symbol": "VRSK"},{"Name": "Verizon Communications", "Sector": "Communication Services", "Symbol": "VZ"},{"Name": "Vertex Pharmaceuticals", "Sector": "Health Care", "Symbol": "VRTX"},{"Name": "VF Corporation", "Sector": "Consumer Discretionary", "Symbol": "VFC"},{"Name": "ViacomCBS", "Sector": "Communication Services", "Symbol": "VIAC"},{"Name": "Viatris", "Sector": "Health Care", "Symbol": "VTRS"},{"Name": "Visa", "Sector": "Information Technology", "Symbol": "V"},{"Name": "Vornado Realty Trust", "Sector": "Real Estate", "Symbol": "VNO"},{"Name": "Vulcan Materials", "Sector": "Materials", "Symbol": "VMC"},{"Name": "W. R. Berkley Corporation", "Sector": "Financials", "Symbol": "WRB"},{"Name": "W. W. Grainger", "Sector": "Industrials", "Symbol": "GWW"},{"Name": "Wabtec", "Sector": "Industrials", "Symbol": "WAB"},{"Name": "Walgreens Boots Alliance", "Sector": "Consumer Staples", "Symbol": "WBA"},{"Name": "Walmart", "Sector": "Consumer Staples", "Symbol": "WMT"},{"Name": "Waste Management", "Sector": "Industrials", "Symbol": "WM"},{"Name": "Waters Corporation", "Sector": "Health Care", "Symbol": "WAT"},{"Name": "WEC Energy Group", "Sector": "Utilities", "Symbol": "WEC"},{"Name": "Wells Fargo", "Sector": "Financials", "Symbol": "WFC"},{"Name": "Welltower", "Sector": "Real Estate", "Symbol": "WELL"},{"Name": "West Pharmaceutical Services", "Sector": "Health Care", "Symbol": "WST"},{"Name": "Western Digital", "Sector": "Information Technology", "Symbol": "WDC"},{"Name": "Western Union", "Sector": "Information Technology", "Symbol": "WU"},{"Name": "WestRock", "Sector": "Materials", "Symbol": "WRK"},{"Name": "Weyerhaeuser", "Sector": "Real Estate", "Symbol": "WY"},{"Name": "Whirlpool Corporation", "Sector": "Consumer Discretionary", "Symbol": "WHR"},{"Name": "Williams Companies", "Sector": "Energy", "Symbol": "WMB"},{"Name": "Willis Towers Watson", "Sector": "Financials", "Symbol": "WLTW"},{"Name": "Wynn Resorts", "Sector": "Consumer Discretionary", "Symbol": "WYNN"},{"Name": "Xcel Energy", "Sector": "Utilities", "Symbol": "XEL"},{"Name": "Xilinx", "Sector": "Information Technology", "Symbol": "XLNX"},{"Name": "Xylem", "Sector": "Industrials", "Symbol": "XYL"},{"Name": "Yum! Brands", "Sector": "Consumer Discretionary", "Symbol": "YUM"},{"Name": "Zebra Technologies", "Sector": "Information Technology", "Symbol": "ZBRA"},{"Name": "Zimmer Biomet", "Sector": "Health Care", "Symbol": "ZBH"},{"Name": "Zions Bancorp", "Sector": "Financials", "Symbol": "ZION"},{"Name": "Zoetis", "Sector": "Health Care", "Symbol": "ZTS"}]