{
  "bytes": 75412,
  "datahub": {
    "created": "2017-11-09T01:06:00.622796",
    "findability": "published",
    "flowid": "core/s-and-p-500-companies/362",
    "modified": "2021-10-22T02:03:46.663073",
    "owner": "core",
    "ownerid": "core"
  },
  "hash": "6fa755e016fdaecdf6cc640bc6004176",
  "id": "core/s-and-p-500-companies",
  "licenses": [
    {
      "name": "ODC-PDDL-1.0",
      "path": "http://opendatacommons.org/licenses/pddl/",
      "title": "Open Data Commons Public Domain Dedication and License v1.0"
    }
  ],
  "name": "s-and-p-500-companies",
  "related": [
    {
      "formats": [
        "CSV",
        "JSON"
      ],
      "path": "/core/s-and-p-500",
      "publisher": "core",
      "title": "S&P 500 Index Data"
    },
    {
      "formats": [
        "CSV",
        "JSON"
      ],
      "path": "/core/s-and-p-500-companies-financials",
      "publisher": "core",
      "title": "S&P 500 Companies with Financial Information"
    },
    {
      "formats": [
        "CSV",
        "JSON"
      ],
      "path": "/core/finance-vix",
      "publisher": "core",
      "title": "VIX - CBOE Volatility Index"
    },
    {
      "formats": [
        "CSV",
        "JSON"
      ],
      "path": "/core/nyse-other-listings",
      "publisher": "core",
      "title": "NYSE and Other Listings"
    }
  ],
  "resources": [
    {
      "bytes": 17439,
      "datahub": {
        "type": "original"
      },
      "dpp:streamedFrom": "https://s3.amazonaws.com/rawstore.datahub.io/1beb8c524488247ccb27917bfcb581ec.csv",
      "encoding": "UTF-8",
      "format": "csv",
      "mediatype": "text/csv",
      "name": "constituents_original",
      "path": "archive/constituents.csv",
      "pathType": "local",
      "profile": "data-resource",
      "schema": {
        "fields": [
          {
            "description": "",
            "name": "Symbol",
            "type": "string"
          },
          {
            "description": "",
            "name": "Name",
            "type": "string"
          },
          {
            "description": "",
            "name": "Sector",
            "type": "string"
          }
        ]
      }
    },
    {
      "bytes": 444,
      "datahub": {
        "type": "derived/report"
      },
      "description": "Validation report for tabular data",
      "dpp:streamedFrom": "/tmp/tmpf10zf2qu/core/s-and-p-500-companies/validation_report/data/9caba3e4ad9871692ab41a5f67c153f3/validation_report.json",
      "format": "json",
      "hash": "9caba3e4ad9871692ab41a5f67c153f3",
      "name": "validation_report",
      "path": "data/validation_report.json",
      "profile": "data-resource"
    },
    {
      "bytes": 17945,
      "datahub": {
        "derivedFrom": [
          "constituents"
        ],
        "type": "derived/csv"
      },
      "dialect": {
        "delimiter": ",",
        "doubleQuote": true,
        "lineTerminator": "\r\n",
        "quoteChar": "\"",
        "skipInitialSpace": false
      },
      "dpp:streamedFrom": "/tmp/tmpf10zf2qu/core/s-and-p-500-companies/constituents_csv/data/1beb8c524488247ccb27917bfcb581ec/constituents_csv.csv",
      "encoding": "utf-8",
      "format": "csv",
      "hash": "1beb8c524488247ccb27917bfcb581ec",
      "mediatype": "text/csv",
      "name": "constituents_csv",
      "path": "data/constituents_csv.csv",
      "pathType": "local",
      "profile": "data-resource",
      "rowcount": 505,
      "schema": {
        "fields": [
          {
            "description": "",
            "name": "Symbol",
            "type": "string"
          },
          {
            "description": "",
            "name": "Name",
            "type": "string"
          },
          {
            "description": "",
            "name": "Sector",
            "type": "string"
          }
        ]
      },
      "signed": true
    },
    {
      "bytes": 36618,
      "datahub": {
        "derivedFrom": [
          "constituents"
        ],
        "type": "derived/json"
      },
      "dpp:streamedFrom": "/tmp/tmpf10zf2qu/core/s-and-p-500-companies/constituents_json/data/297344d8dc0a9d86b8d107449c851cc8/constituents_json.json",
      "encoding": "utf-8",
      "format": "json",
      "hash": "297344d8dc0a9d86b8d107449c851cc8",
      "mediatype": "text/csv",
      "name": "constituents_json",
      "path": "data/constituents_json.json",
      "pathType": "local",
      "profile": "data-resource",
      "rowcount": 505,
      "schema": {
        "fields": [
          {
            "description": "",
            "name": "Symbol",
            "type": "string"
          },
          {
            "description": "",
            "name": "Name",
            "type": "string"
          },
          {
            "description": "",
            "name": "Sector",
            "type": "string"
          }
        ]
      },
      "signed": true
    },
    {
      "bytes": 2966,
      "dpp:streamedFrom": "/tmp/tmplql2c8jd/README.md",
      "format": "md",
      "name": "readme",
      "path": "README.md"
    }
  ],
  "title": "S&P 500 Companies with Financial Information",
  "version": "1.0"
}